Revenue,Survey question,Response option,Percent,Question sample size
"$25,001-$50,000",Actions taken in response to financial challenges,Used personal funds,76%,276
"$25,001-$50,000",Actions taken in response to financial challenges,Raised prices the business charges,52%,276
"$25,001-$50,000",Actions taken in response to financial challenges,Used cash reserves,42%,276
"$25,001-$50,000",Actions taken in response to financial challenges,Obtained funds that must be repaid,38%,276
"$25,001-$50,000",Actions taken in response to financial challenges,"Cut staff, hours, and/or downsized operations",36%,276
"$25,001-$50,000",Actions taken in response to financial challenges,Made a late payment or did not pay,21%,276
"$25,001-$50,000",Actions taken in response to financial challenges,Obtained funds that do not have to be repaid,19%,276
"$25,001-$50,000",Actions taken in response to financial challenges,No action,2%,276
"$25,001-$50,000",Actions taken in response to financial challenges,Other,0%,276
$5 million-$10 million,Actions taken in response to financial challenges,Used cash reserves,59%,343
$5 million-$10 million,Actions taken in response to financial challenges,Raised prices the business charges,53%,343
$5 million-$10 million,Actions taken in response to financial challenges,Obtained funds that must be repaid,36%,343
$5 million-$10 million,Actions taken in response to financial challenges,"Cut staff, hours, and/or downsized operations",31%,343
$5 million-$10 million,Actions taken in response to financial challenges,Used personal funds,30%,343
$5 million-$10 million,Actions taken in response to financial challenges,Made a late payment or did not pay,19%,343
$5 million-$10 million,Actions taken in response to financial challenges,No action,7%,343
$5 million-$10 million,Actions taken in response to financial challenges,Obtained funds that do not have to be repaid,5%,343
$5 million-$10 million,Actions taken in response to financial challenges,Other,2%,343
"$0-$25,000",Actions taken in response to financial challenges,Used personal funds,76%,347
"$0-$25,000",Actions taken in response to financial challenges,Used cash reserves,44%,347
"$0-$25,000",Actions taken in response to financial challenges,Obtained funds that must be repaid,43%,347
"$0-$25,000",Actions taken in response to financial challenges,"Cut staff, hours, and/or downsized operations",34%,347
"$0-$25,000",Actions taken in response to financial challenges,Made a late payment or did not pay,29%,347
"$0-$25,000",Actions taken in response to financial challenges,Raised prices the business charges,28%,347
"$0-$25,000",Actions taken in response to financial challenges,Obtained funds that do not have to be repaid,9%,347
"$0-$25,000",Actions taken in response to financial challenges,No action,5%,347
"$0-$25,000",Actions taken in response to financial challenges,Other,4%,347
More than $10 million,Actions taken in response to financial challenges,Raised prices the business charges,48%,370
More than $10 million,Actions taken in response to financial challenges,Used cash reserves,48%,370
More than $10 million,Actions taken in response to financial challenges,Obtained funds that must be repaid,32%,370
More than $10 million,Actions taken in response to financial challenges,"Cut staff, hours, and/or downsized operations",29%,370
More than $10 million,Actions taken in response to financial challenges,Used personal funds,21%,370
More than $10 million,Actions taken in response to financial challenges,Made a late payment or did not pay,14%,370
More than $10 million,Actions taken in response to financial challenges,No action,12%,370
More than $10 million,Actions taken in response to financial challenges,Other,6%,370
More than $10 million,Actions taken in response to financial challenges,Obtained funds that do not have to be repaid,5%,370
"$50,001-$100,000",Actions taken in response to financial challenges,Used personal funds,69%,507
"$50,001-$100,000",Actions taken in response to financial challenges,Used cash reserves,51%,507
"$50,001-$100,000",Actions taken in response to financial challenges,Obtained funds that must be repaid,44%,507
"$50,001-$100,000",Actions taken in response to financial challenges,Raised prices the business charges,40%,507
"$50,001-$100,000",Actions taken in response to financial challenges,"Cut staff, hours, and/or downsized operations",37%,507
"$50,001-$100,000",Actions taken in response to financial challenges,Made a late payment or did not pay,28%,507
"$50,001-$100,000",Actions taken in response to financial challenges,Obtained funds that do not have to be repaid,11%,507
"$50,001-$100,000",Actions taken in response to financial challenges,Other,3%,507
"$50,001-$100,000",Actions taken in response to financial challenges,No action,3%,507
"$100,001-$250,000",Actions taken in response to financial challenges,Used personal funds,66%,1021
"$100,001-$250,000",Actions taken in response to financial challenges,Used cash reserves,46%,1021
"$100,001-$250,000",Actions taken in response to financial challenges,Raised prices the business charges,44%,1021
"$100,001-$250,000",Actions taken in response to financial challenges,"Cut staff, hours, and/or downsized operations",38%,1021
"$100,001-$250,000",Actions taken in response to financial challenges,Obtained funds that must be repaid,37%,1021
"$100,001-$250,000",Actions taken in response to financial challenges,Made a late payment or did not pay,29%,1021
"$100,001-$250,000",Actions taken in response to financial challenges,Obtained funds that do not have to be repaid,7%,1021
"$100,001-$250,000",Actions taken in response to financial challenges,Other,5%,1021
"$100,001-$250,000",Actions taken in response to financial challenges,No action,4%,1021
"$250,001-$500,000",Actions taken in response to financial challenges,Used personal funds,56%,1182
"$250,001-$500,000",Actions taken in response to financial challenges,Used cash reserves,53%,1182
"$250,001-$500,000",Actions taken in response to financial challenges,Raised prices the business charges,51%,1182
"$250,001-$500,000",Actions taken in response to financial challenges,"Cut staff, hours, and/or downsized operations",37%,1182
"$250,001-$500,000",Actions taken in response to financial challenges,Obtained funds that must be repaid,36%,1182
"$250,001-$500,000",Actions taken in response to financial challenges,Made a late payment or did not pay,24%,1182
"$250,001-$500,000",Actions taken in response to financial challenges,Obtained funds that do not have to be repaid,6%,1182
"$250,001-$500,000",Actions taken in response to financial challenges,No action,5%,1182
"$250,001-$500,000",Actions taken in response to financial challenges,Other,4%,1182
"$500,001-$1 million",Actions taken in response to financial challenges,Used cash reserves,52%,1251
"$500,001-$1 million",Actions taken in response to financial challenges,Used personal funds,52%,1251
"$500,001-$1 million",Actions taken in response to financial challenges,Raised prices the business charges,51%,1251
"$500,001-$1 million",Actions taken in response to financial challenges,Obtained funds that must be repaid,39%,1251
"$500,001-$1 million",Actions taken in response to financial challenges,"Cut staff, hours, and/or downsized operations",37%,1251
"$500,001-$1 million",Actions taken in response to financial challenges,Made a late payment or did not pay,23%,1251
"$500,001-$1 million",Actions taken in response to financial challenges,No action,8%,1251
"$500,001-$1 million",Actions taken in response to financial challenges,Obtained funds that do not have to be repaid,4%,1251
"$500,001-$1 million",Actions taken in response to financial challenges,Other,3%,1251
$1 million-$5 million,Actions taken in response to financial challenges,Raised prices the business charges,57%,1736
$1 million-$5 million,Actions taken in response to financial challenges,Used cash reserves,53%,1736
$1 million-$5 million,Actions taken in response to financial challenges,Used personal funds,41%,1736
$1 million-$5 million,Actions taken in response to financial challenges,Obtained funds that must be repaid,38%,1736
$1 million-$5 million,Actions taken in response to financial challenges,"Cut staff, hours, and/or downsized operations",36%,1736
$1 million-$5 million,Actions taken in response to financial challenges,Made a late payment or did not pay,20%,1736
$1 million-$5 million,Actions taken in response to financial challenges,No action,7%,1736
$1 million-$5 million,Actions taken in response to financial challenges,Obtained funds that do not have to be repaid,4%,1736
$1 million-$5 million,Actions taken in response to financial challenges,Other,3%,1736
"$25,001-$50,000",Age of firm,0-2 years,52%,284
"$25,001-$50,000",Age of firm,3-5 years,15%,284
"$25,001-$50,000",Age of firm,6-10 years,12%,284
"$25,001-$50,000",Age of firm,11-15 years,4%,284
"$25,001-$50,000",Age of firm,16-20 years,6%,284
"$25,001-$50,000",Age of firm,21+ years,10%,284
"$0-$25,000",Age of firm,0-2 years,70%,361
"$0-$25,000",Age of firm,3-5 years,16%,361
"$0-$25,000",Age of firm,6-10 years,5%,361
"$0-$25,000",Age of firm,11-15 years,3%,361
"$0-$25,000",Age of firm,16-20 years,2%,361
"$0-$25,000",Age of firm,21+ years,4%,361
$5 million-$10 million,Age of firm,0-2 years,4%,368
$5 million-$10 million,Age of firm,3-5 years,8%,368
$5 million-$10 million,Age of firm,6-10 years,14%,368
$5 million-$10 million,Age of firm,11-15 years,9%,368
$5 million-$10 million,Age of firm,16-20 years,9%,368
$5 million-$10 million,Age of firm,21+ years,56%,368
More than $10 million,Age of firm,0-2 years,0%,412
More than $10 million,Age of firm,3-5 years,7%,412
More than $10 million,Age of firm,6-10 years,10%,412
More than $10 million,Age of firm,11-15 years,5%,412
More than $10 million,Age of firm,16-20 years,7%,412
More than $10 million,Age of firm,21+ years,71%,412
"$50,001-$100,000",Age of firm,0-2 years,31%,539
"$50,001-$100,000",Age of firm,3-5 years,21%,539
"$50,001-$100,000",Age of firm,6-10 years,19%,539
"$50,001-$100,000",Age of firm,11-15 years,6%,539
"$50,001-$100,000",Age of firm,16-20 years,6%,539
"$50,001-$100,000",Age of firm,21+ years,16%,539
"$100,001-$250,000",Age of firm,0-2 years,17%,1075
"$100,001-$250,000",Age of firm,3-5 years,18%,1075
"$100,001-$250,000",Age of firm,6-10 years,21%,1075
"$100,001-$250,000",Age of firm,11-15 years,12%,1075
"$100,001-$250,000",Age of firm,16-20 years,10%,1075
"$100,001-$250,000",Age of firm,21+ years,22%,1075
"$250,001-$500,000",Age of firm,0-2 years,12%,1249
"$250,001-$500,000",Age of firm,3-5 years,17%,1249
"$250,001-$500,000",Age of firm,6-10 years,19%,1249
"$250,001-$500,000",Age of firm,11-15 years,14%,1249
"$250,001-$500,000",Age of firm,16-20 years,12%,1249
"$250,001-$500,000",Age of firm,21+ years,26%,1249
"$500,001-$1 million",Age of firm,0-2 years,12%,1342
"$500,001-$1 million",Age of firm,3-5 years,15%,1342
"$500,001-$1 million",Age of firm,6-10 years,15%,1342
"$500,001-$1 million",Age of firm,11-15 years,16%,1342
"$500,001-$1 million",Age of firm,16-20 years,11%,1342
"$500,001-$1 million",Age of firm,21+ years,31%,1342
$1 million-$5 million,Age of firm,0-2 years,7%,1867
$1 million-$5 million,Age of firm,3-5 years,10%,1867
$1 million-$5 million,Age of firm,6-10 years,17%,1867
$1 million-$5 million,Age of firm,11-15 years,12%,1867
$1 million-$5 million,Age of firm,16-20 years,12%,1867
$1 million-$5 million,Age of firm,21+ years,42%,1867
"$25,001-$50,000",Age of primary owner,Under 35,14%,270
"$25,001-$50,000",Age of primary owner,35-44,22%,270
"$25,001-$50,000",Age of primary owner,45-54,26%,270
"$25,001-$50,000",Age of primary owner,55-64,24%,270
"$25,001-$50,000",Age of primary owner,65 or over,14%,270
$5 million-$10 million,Age of primary owner,Under 35,0%,347
$5 million-$10 million,Age of primary owner,35-44,9%,347
$5 million-$10 million,Age of primary owner,45-54,26%,347
$5 million-$10 million,Age of primary owner,55-64,26%,347
$5 million-$10 million,Age of primary owner,65 or over,39%,347
"$0-$25,000",Age of primary owner,Under 35,10%,350
"$0-$25,000",Age of primary owner,35-44,33%,350
"$0-$25,000",Age of primary owner,45-54,30%,350
"$0-$25,000",Age of primary owner,55-64,20%,350
"$0-$25,000",Age of primary owner,65 or over,7%,350
More than $10 million,Age of primary owner,Under 35,1%,382
More than $10 million,Age of primary owner,35-44,5%,382
More than $10 million,Age of primary owner,45-54,17%,382
More than $10 million,Age of primary owner,55-64,38%,382
More than $10 million,Age of primary owner,65 or over,38%,382
"$50,001-$100,000",Age of primary owner,Under 35,3%,512
"$50,001-$100,000",Age of primary owner,35-44,24%,512
"$50,001-$100,000",Age of primary owner,45-54,28%,512
"$50,001-$100,000",Age of primary owner,55-64,30%,512
"$50,001-$100,000",Age of primary owner,65 or over,15%,512
"$100,001-$250,000",Age of primary owner,Under 35,4%,1043
"$100,001-$250,000",Age of primary owner,35-44,17%,1043
"$100,001-$250,000",Age of primary owner,45-54,22%,1043
"$100,001-$250,000",Age of primary owner,55-64,32%,1043
"$100,001-$250,000",Age of primary owner,65 or over,25%,1043
"$250,001-$500,000",Age of primary owner,Under 35,4%,1229
"$250,001-$500,000",Age of primary owner,35-44,16%,1229
"$250,001-$500,000",Age of primary owner,45-54,25%,1229
"$250,001-$500,000",Age of primary owner,55-64,31%,1229
"$250,001-$500,000",Age of primary owner,65 or over,25%,1229
"$500,001-$1 million",Age of primary owner,Under 35,1%,1313
"$500,001-$1 million",Age of primary owner,35-44,15%,1313
"$500,001-$1 million",Age of primary owner,45-54,25%,1313
"$500,001-$1 million",Age of primary owner,55-64,35%,1313
"$500,001-$1 million",Age of primary owner,65 or over,24%,1313
$1 million-$5 million,Age of primary owner,Under 35,2%,1827
$1 million-$5 million,Age of primary owner,35-44,14%,1827
$1 million-$5 million,Age of primary owner,45-54,23%,1827
$1 million-$5 million,Age of primary owner,55-64,35%,1827
$1 million-$5 million,Age of primary owner,65 or over,26%,1827
"$25,001-$50,000",Amount of debt outstanding,No outstanding debt,35%,279
"$25,001-$50,000",Amount of debt outstanding,"$25,000 or less",31%,279
"$25,001-$50,000",Amount of debt outstanding,"$25,001-$50,000",12%,279
"$25,001-$50,000",Amount of debt outstanding,"$50,001-$100,000",7%,279
"$25,001-$50,000",Amount of debt outstanding,"$100,001-$250,000",7%,279
"$25,001-$50,000",Amount of debt outstanding,"$250,001-$1 million",6%,279
"$25,001-$50,000",Amount of debt outstanding,More than $1 million,2%,279
"$0-$25,000",Amount of debt outstanding,No outstanding debt,37%,357
"$0-$25,000",Amount of debt outstanding,"$25,000 or less",27%,357
"$0-$25,000",Amount of debt outstanding,"$25,001-$50,000",7%,357
"$0-$25,000",Amount of debt outstanding,"$50,001-$100,000",9%,357
"$0-$25,000",Amount of debt outstanding,"$100,001-$250,000",12%,357
"$0-$25,000",Amount of debt outstanding,"$250,001-$1 million",8%,357
"$0-$25,000",Amount of debt outstanding,More than $1 million,0%,357
$5 million-$10 million,Amount of debt outstanding,No outstanding debt,32%,364
$5 million-$10 million,Amount of debt outstanding,"$25,000 or less",2%,364
$5 million-$10 million,Amount of debt outstanding,"$25,001-$50,000",3%,364
$5 million-$10 million,Amount of debt outstanding,"$50,001-$100,000",3%,364
$5 million-$10 million,Amount of debt outstanding,"$100,001-$250,000",8%,364
$5 million-$10 million,Amount of debt outstanding,"$250,001-$1 million",25%,364
$5 million-$10 million,Amount of debt outstanding,More than $1 million,28%,364
More than $10 million,Amount of debt outstanding,No outstanding debt,26%,406
More than $10 million,Amount of debt outstanding,"$25,000 or less",1%,406
More than $10 million,Amount of debt outstanding,"$25,001-$50,000",3%,406
More than $10 million,Amount of debt outstanding,"$50,001-$100,000",3%,406
More than $10 million,Amount of debt outstanding,"$100,001-$250,000",5%,406
More than $10 million,Amount of debt outstanding,"$250,001-$1 million",14%,406
More than $10 million,Amount of debt outstanding,More than $1 million,48%,406
"$50,001-$100,000",Amount of debt outstanding,No outstanding debt,29%,532
"$50,001-$100,000",Amount of debt outstanding,"$25,000 or less",24%,532
"$50,001-$100,000",Amount of debt outstanding,"$25,001-$50,000",14%,532
"$50,001-$100,000",Amount of debt outstanding,"$50,001-$100,000",13%,532
"$50,001-$100,000",Amount of debt outstanding,"$100,001-$250,000",13%,532
"$50,001-$100,000",Amount of debt outstanding,"$250,001-$1 million",6%,532
"$50,001-$100,000",Amount of debt outstanding,More than $1 million,0%,532
"$100,001-$250,000",Amount of debt outstanding,No outstanding debt,30%,1066
"$100,001-$250,000",Amount of debt outstanding,"$25,000 or less",16%,1066
"$100,001-$250,000",Amount of debt outstanding,"$25,001-$50,000",15%,1066
"$100,001-$250,000",Amount of debt outstanding,"$50,001-$100,000",14%,1066
"$100,001-$250,000",Amount of debt outstanding,"$100,001-$250,000",14%,1066
"$100,001-$250,000",Amount of debt outstanding,"$250,001-$1 million",8%,1066
"$100,001-$250,000",Amount of debt outstanding,More than $1 million,2%,1066
"$250,001-$500,000",Amount of debt outstanding,No outstanding debt,26%,1241
"$250,001-$500,000",Amount of debt outstanding,"$25,000 or less",11%,1241
"$250,001-$500,000",Amount of debt outstanding,"$25,001-$50,000",11%,1241
"$250,001-$500,000",Amount of debt outstanding,"$50,001-$100,000",15%,1241
"$250,001-$500,000",Amount of debt outstanding,"$100,001-$250,000",18%,1241
"$250,001-$500,000",Amount of debt outstanding,"$250,001-$1 million",15%,1241
"$250,001-$500,000",Amount of debt outstanding,More than $1 million,3%,1241
"$500,001-$1 million",Amount of debt outstanding,No outstanding debt,25%,1327
"$500,001-$1 million",Amount of debt outstanding,"$25,000 or less",9%,1327
"$500,001-$1 million",Amount of debt outstanding,"$25,001-$50,000",9%,1327
"$500,001-$1 million",Amount of debt outstanding,"$50,001-$100,000",14%,1327
"$500,001-$1 million",Amount of debt outstanding,"$100,001-$250,000",19%,1327
"$500,001-$1 million",Amount of debt outstanding,"$250,001-$1 million",20%,1327
"$500,001-$1 million",Amount of debt outstanding,More than $1 million,3%,1327
$1 million-$5 million,Amount of debt outstanding,No outstanding debt,27%,1850
$1 million-$5 million,Amount of debt outstanding,"$25,000 or less",3%,1850
$1 million-$5 million,Amount of debt outstanding,"$25,001-$50,000",4%,1850
$1 million-$5 million,Amount of debt outstanding,"$50,001-$100,000",9%,1850
$1 million-$5 million,Amount of debt outstanding,"$100,001-$250,000",15%,1850
$1 million-$5 million,Amount of debt outstanding,"$250,001-$1 million",28%,1850
$1 million-$5 million,Amount of debt outstanding,More than $1 million,14%,1850
"$25,001-$50,000",Applications for financing,"Applied for a loan, line of credit, or merchant cash advance",31%,284
"$0-$25,000",Applications for financing,"Applied for a loan, line of credit, or merchant cash advance",40%,361
$5 million-$10 million,Applications for financing,"Applied for a loan, line of credit, or merchant cash advance",40%,368
More than $10 million,Applications for financing,"Applied for a loan, line of credit, or merchant cash advance",45%,412
"$50,001-$100,000",Applications for financing,"Applied for a loan, line of credit, or merchant cash advance",38%,539
"$100,001-$250,000",Applications for financing,"Applied for a loan, line of credit, or merchant cash advance",33%,1075
"$250,001-$500,000",Applications for financing,"Applied for a loan, line of credit, or merchant cash advance",33%,1249
"$500,001-$1 million",Applications for financing,"Applied for a loan, line of credit, or merchant cash advance",37%,1342
$1 million-$5 million,Applications for financing,"Applied for a loan, line of credit, or merchant cash advance",36%,1867
"$25,001-$50,000",Best outcome across loan/LOC/merchant cash advance application(s),None (0%),28%,90
"$25,001-$50,000",Best outcome across loan/LOC/merchant cash advance application(s),Some (1-50%),8%,90
"$25,001-$50,000",Best outcome across loan/LOC/merchant cash advance application(s),Most (51-99%),28%,90
"$25,001-$50,000",Best outcome across loan/LOC/merchant cash advance application(s),All (100%),37%,90
"$0-$25,000",Best outcome across loan/LOC/merchant cash advance application(s),None (0%),20%,115
"$0-$25,000",Best outcome across loan/LOC/merchant cash advance application(s),Some (1-50%),15%,115
"$0-$25,000",Best outcome across loan/LOC/merchant cash advance application(s),Most (51-99%),17%,115
"$0-$25,000",Best outcome across loan/LOC/merchant cash advance application(s),All (100%),48%,115
$5 million-$10 million,Best outcome across loan/LOC/merchant cash advance application(s),None (0%),9%,152
$5 million-$10 million,Best outcome across loan/LOC/merchant cash advance application(s),Some (1-50%),18%,152
$5 million-$10 million,Best outcome across loan/LOC/merchant cash advance application(s),Most (51-99%),9%,152
$5 million-$10 million,Best outcome across loan/LOC/merchant cash advance application(s),All (100%),64%,152
More than $10 million,Best outcome across loan/LOC/merchant cash advance application(s),None (0%),4%,181
More than $10 million,Best outcome across loan/LOC/merchant cash advance application(s),Some (1-50%),4%,181
More than $10 million,Best outcome across loan/LOC/merchant cash advance application(s),Most (51-99%),14%,181
More than $10 million,Best outcome across loan/LOC/merchant cash advance application(s),All (100%),79%,181
"$50,001-$100,000",Best outcome across loan/LOC/merchant cash advance application(s),None (0%),35%,194
"$50,001-$100,000",Best outcome across loan/LOC/merchant cash advance application(s),Some (1-50%),14%,194
"$50,001-$100,000",Best outcome across loan/LOC/merchant cash advance application(s),Most (51-99%),7%,194
"$50,001-$100,000",Best outcome across loan/LOC/merchant cash advance application(s),All (100%),45%,194
"$100,001-$250,000",Best outcome across loan/LOC/merchant cash advance application(s),None (0%),32%,368
"$100,001-$250,000",Best outcome across loan/LOC/merchant cash advance application(s),Some (1-50%),17%,368
"$100,001-$250,000",Best outcome across loan/LOC/merchant cash advance application(s),Most (51-99%),14%,368
"$100,001-$250,000",Best outcome across loan/LOC/merchant cash advance application(s),All (100%),37%,368
"$250,001-$500,000",Best outcome across loan/LOC/merchant cash advance application(s),None (0%),21%,419
"$250,001-$500,000",Best outcome across loan/LOC/merchant cash advance application(s),Some (1-50%),17%,419
"$250,001-$500,000",Best outcome across loan/LOC/merchant cash advance application(s),Most (51-99%),17%,419
"$250,001-$500,000",Best outcome across loan/LOC/merchant cash advance application(s),All (100%),46%,419
"$500,001-$1 million",Best outcome across loan/LOC/merchant cash advance application(s),None (0%),22%,472
"$500,001-$1 million",Best outcome across loan/LOC/merchant cash advance application(s),Some (1-50%),13%,472
"$500,001-$1 million",Best outcome across loan/LOC/merchant cash advance application(s),Most (51-99%),16%,472
"$500,001-$1 million",Best outcome across loan/LOC/merchant cash advance application(s),All (100%),49%,472
$1 million-$5 million,Best outcome across loan/LOC/merchant cash advance application(s),None (0%),15%,676
$1 million-$5 million,Best outcome across loan/LOC/merchant cash advance application(s),Some (1-50%),12%,676
$1 million-$5 million,Best outcome across loan/LOC/merchant cash advance application(s),Most (51-99%),14%,676
$1 million-$5 million,Best outcome across loan/LOC/merchant cash advance application(s),All (100%),60%,676
More than $10 million,Best outcome on application(s) for a business loan,None (0%),9%,52
More than $10 million,Best outcome on application(s) for a business loan,Some (1-50%),3%,52
More than $10 million,Best outcome on application(s) for a business loan,Most (51-99%),17%,52
More than $10 million,Best outcome on application(s) for a business loan,All (100%),71%,52
"$50,001-$100,000",Best outcome on application(s) for a business loan,None (0%),41%,81
"$50,001-$100,000",Best outcome on application(s) for a business loan,Some (1-50%),20%,81
"$50,001-$100,000",Best outcome on application(s) for a business loan,Most (51-99%),8%,81
"$50,001-$100,000",Best outcome on application(s) for a business loan,All (100%),30%,81
"$100,001-$250,000",Best outcome on application(s) for a business loan,None (0%),46%,151
"$100,001-$250,000",Best outcome on application(s) for a business loan,Some (1-50%),13%,151
"$100,001-$250,000",Best outcome on application(s) for a business loan,Most (51-99%),17%,151
"$100,001-$250,000",Best outcome on application(s) for a business loan,All (100%),24%,151
"$250,001-$500,000",Best outcome on application(s) for a business loan,None (0%),24%,162
"$250,001-$500,000",Best outcome on application(s) for a business loan,Some (1-50%),31%,162
"$250,001-$500,000",Best outcome on application(s) for a business loan,Most (51-99%),14%,162
"$250,001-$500,000",Best outcome on application(s) for a business loan,All (100%),32%,162
"$500,001-$1 million",Best outcome on application(s) for a business loan,None (0%),34%,164
"$500,001-$1 million",Best outcome on application(s) for a business loan,Some (1-50%),11%,164
"$500,001-$1 million",Best outcome on application(s) for a business loan,Most (51-99%),19%,164
"$500,001-$1 million",Best outcome on application(s) for a business loan,All (100%),35%,164
$1 million-$5 million,Best outcome on application(s) for a business loan,None (0%),26%,185
$1 million-$5 million,Best outcome on application(s) for a business loan,Some (1-50%),13%,185
$1 million-$5 million,Best outcome on application(s) for a business loan,Most (51-99%),11%,185
$1 million-$5 million,Best outcome on application(s) for a business loan,All (100%),50%,185
"$50,001-$100,000",Best outcome on application(s) for a line of credit,None (0%),53%,51
"$50,001-$100,000",Best outcome on application(s) for a line of credit,Some (1-50%),25%,51
"$50,001-$100,000",Best outcome on application(s) for a line of credit,Most (51-99%),4%,51
"$50,001-$100,000",Best outcome on application(s) for a line of credit,All (100%),18%,51
$5 million-$10 million,Best outcome on application(s) for a line of credit,None (0%),11%,77
$5 million-$10 million,Best outcome on application(s) for a line of credit,Some (1-50%),20%,77
$5 million-$10 million,Best outcome on application(s) for a line of credit,Most (51-99%),19%,77
$5 million-$10 million,Best outcome on application(s) for a line of credit,All (100%),50%,77
More than $10 million,Best outcome on application(s) for a line of credit,None (0%),2%,95
More than $10 million,Best outcome on application(s) for a line of credit,Some (1-50%),6%,95
More than $10 million,Best outcome on application(s) for a line of credit,Most (51-99%),15%,95
More than $10 million,Best outcome on application(s) for a line of credit,All (100%),78%,95
"$100,001-$250,000",Best outcome on application(s) for a line of credit,None (0%),40%,140
"$100,001-$250,000",Best outcome on application(s) for a line of credit,Some (1-50%),15%,140
"$100,001-$250,000",Best outcome on application(s) for a line of credit,Most (51-99%),12%,140
"$100,001-$250,000",Best outcome on application(s) for a line of credit,All (100%),33%,140
"$250,001-$500,000",Best outcome on application(s) for a line of credit,None (0%),34%,141
"$250,001-$500,000",Best outcome on application(s) for a line of credit,Some (1-50%),11%,141
"$250,001-$500,000",Best outcome on application(s) for a line of credit,Most (51-99%),17%,141
"$250,001-$500,000",Best outcome on application(s) for a line of credit,All (100%),38%,141
"$500,001-$1 million",Best outcome on application(s) for a line of credit,None (0%),24%,195
"$500,001-$1 million",Best outcome on application(s) for a line of credit,Some (1-50%),11%,195
"$500,001-$1 million",Best outcome on application(s) for a line of credit,Most (51-99%),18%,195
"$500,001-$1 million",Best outcome on application(s) for a line of credit,All (100%),48%,195
$1 million-$5 million,Best outcome on application(s) for a line of credit,None (0%),23%,323
$1 million-$5 million,Best outcome on application(s) for a line of credit,Some (1-50%),9%,323
$1 million-$5 million,Best outcome on application(s) for a line of credit,Most (51-99%),15%,323
$1 million-$5 million,Best outcome on application(s) for a line of credit,All (100%),54%,323
"$500,001-$1 million",Best outcome on application(s) for a merchant cash advance,None (0%),3%,56
"$500,001-$1 million",Best outcome on application(s) for a merchant cash advance,Some (1-50%),31%,56
"$500,001-$1 million",Best outcome on application(s) for a merchant cash advance,Most (51-99%),38%,56
"$500,001-$1 million",Best outcome on application(s) for a merchant cash advance,All (100%),29%,56
"$100,001-$250,000",Best outcome on application(s) for a merchant cash advance,None (0%),19%,59
"$100,001-$250,000",Best outcome on application(s) for a merchant cash advance,Some (1-50%),36%,59
"$100,001-$250,000",Best outcome on application(s) for a merchant cash advance,Most (51-99%),10%,59
"$100,001-$250,000",Best outcome on application(s) for a merchant cash advance,All (100%),36%,59
"$250,001-$500,000",Best outcome on application(s) for a merchant cash advance,None (0%),0%,64
"$250,001-$500,000",Best outcome on application(s) for a merchant cash advance,Some (1-50%),29%,64
"$250,001-$500,000",Best outcome on application(s) for a merchant cash advance,Most (51-99%),40%,64
"$250,001-$500,000",Best outcome on application(s) for a merchant cash advance,All (100%),31%,64
$1 million-$5 million,Best outcome on application(s) for a merchant cash advance,None (0%),4%,66
$1 million-$5 million,Best outcome on application(s) for a merchant cash advance,Some (1-50%),39%,66
$1 million-$5 million,Best outcome on application(s) for a merchant cash advance,Most (51-99%),27%,66
$1 million-$5 million,Best outcome on application(s) for a merchant cash advance,All (100%),29%,66
$1 million-$5 million,Best outcome on application(s) for a mortgage/real estate loan,None (0%),25%,54
$1 million-$5 million,Best outcome on application(s) for a mortgage/real estate loan,Some (1-50%),4%,54
$1 million-$5 million,Best outcome on application(s) for a mortgage/real estate loan,Most (51-99%),11%,54
$1 million-$5 million,Best outcome on application(s) for a mortgage/real estate loan,All (100%),61%,54
$1 million-$5 million,Best outcome on application(s) for an auto/equipment loan,None (0%),13%,106
$1 million-$5 million,Best outcome on application(s) for an auto/equipment loan,Some (1-50%),5%,106
$1 million-$5 million,Best outcome on application(s) for an auto/equipment loan,Most (51-99%),6%,106
$1 million-$5 million,Best outcome on application(s) for an auto/equipment loan,All (100%),76%,106
"$50,001-$100,000",Best outcome on application(s) for an SBA loan/line of credit,None (0%),56%,52
"$50,001-$100,000",Best outcome on application(s) for an SBA loan/line of credit,Some (1-50%),7%,52
"$50,001-$100,000",Best outcome on application(s) for an SBA loan/line of credit,Most (51-99%),12%,52
"$50,001-$100,000",Best outcome on application(s) for an SBA loan/line of credit,All (100%),25%,52
"$100,001-$250,000",Best outcome on application(s) for an SBA loan/line of credit,None (0%),54%,69
"$100,001-$250,000",Best outcome on application(s) for an SBA loan/line of credit,Some (1-50%),12%,69
"$100,001-$250,000",Best outcome on application(s) for an SBA loan/line of credit,Most (51-99%),14%,69
"$100,001-$250,000",Best outcome on application(s) for an SBA loan/line of credit,All (100%),20%,69
"$250,001-$500,000",Best outcome on application(s) for an SBA loan/line of credit,None (0%),41%,75
"$250,001-$500,000",Best outcome on application(s) for an SBA loan/line of credit,Some (1-50%),8%,75
"$250,001-$500,000",Best outcome on application(s) for an SBA loan/line of credit,Most (51-99%),17%,75
"$250,001-$500,000",Best outcome on application(s) for an SBA loan/line of credit,All (100%),35%,75
"$500,001-$1 million",Best outcome on application(s) for an SBA loan/line of credit,None (0%),57%,80
"$500,001-$1 million",Best outcome on application(s) for an SBA loan/line of credit,Some (1-50%),14%,80
"$500,001-$1 million",Best outcome on application(s) for an SBA loan/line of credit,Most (51-99%),9%,80
"$500,001-$1 million",Best outcome on application(s) for an SBA loan/line of credit,All (100%),20%,80
$1 million-$5 million,Best outcome on application(s) for an SBA loan/line of credit,None (0%),38%,101
$1 million-$5 million,Best outcome on application(s) for an SBA loan/line of credit,Some (1-50%),5%,101
$1 million-$5 million,Best outcome on application(s) for an SBA loan/line of credit,Most (51-99%),13%,101
$1 million-$5 million,Best outcome on application(s) for an SBA loan/line of credit,All (100%),43%,101
"$250,001-$500,000",Best outcome on loan/LOC/merchant cash advance application(s) at finance company,None (0%),23%,54
"$250,001-$500,000",Best outcome on loan/LOC/merchant cash advance application(s) at finance company,Some (1-50%),26%,54
"$250,001-$500,000",Best outcome on loan/LOC/merchant cash advance application(s) at finance company,Most (51-99%),13%,54
"$250,001-$500,000",Best outcome on loan/LOC/merchant cash advance application(s) at finance company,All (100%),38%,54
"$500,001-$1 million",Best outcome on loan/LOC/merchant cash advance application(s) at finance company,None (0%),15%,68
"$500,001-$1 million",Best outcome on loan/LOC/merchant cash advance application(s) at finance company,Some (1-50%),23%,68
"$500,001-$1 million",Best outcome on loan/LOC/merchant cash advance application(s) at finance company,Most (51-99%),9%,68
"$500,001-$1 million",Best outcome on loan/LOC/merchant cash advance application(s) at finance company,All (100%),53%,68
$1 million-$5 million,Best outcome on loan/LOC/merchant cash advance application(s) at finance company,None (0%),18%,103
$1 million-$5 million,Best outcome on loan/LOC/merchant cash advance application(s) at finance company,Some (1-50%),7%,103
$1 million-$5 million,Best outcome on loan/LOC/merchant cash advance application(s) at finance company,Most (51-99%),17%,103
$1 million-$5 million,Best outcome on loan/LOC/merchant cash advance application(s) at finance company,All (100%),57%,103
$5 million-$10 million,Best outcome on loan/LOC/merchant cash advance application(s) at large bank,None (0%),7%,67
$5 million-$10 million,Best outcome on loan/LOC/merchant cash advance application(s) at large bank,Some (1-50%),20%,67
$5 million-$10 million,Best outcome on loan/LOC/merchant cash advance application(s) at large bank,Most (51-99%),15%,67
$5 million-$10 million,Best outcome on loan/LOC/merchant cash advance application(s) at large bank,All (100%),57%,67
"$50,001-$100,000",Best outcome on loan/LOC/merchant cash advance application(s) at large bank,None (0%),31%,74
"$50,001-$100,000",Best outcome on loan/LOC/merchant cash advance application(s) at large bank,Some (1-50%),4%,74
"$50,001-$100,000",Best outcome on loan/LOC/merchant cash advance application(s) at large bank,Most (51-99%),11%,74
"$50,001-$100,000",Best outcome on loan/LOC/merchant cash advance application(s) at large bank,All (100%),54%,74
More than $10 million,Best outcome on loan/LOC/merchant cash advance application(s) at large bank,None (0%),8%,94
More than $10 million,Best outcome on loan/LOC/merchant cash advance application(s) at large bank,Some (1-50%),4%,94
More than $10 million,Best outcome on loan/LOC/merchant cash advance application(s) at large bank,Most (51-99%),19%,94
More than $10 million,Best outcome on loan/LOC/merchant cash advance application(s) at large bank,All (100%),69%,94
"$100,001-$250,000",Best outcome on loan/LOC/merchant cash advance application(s) at large bank,None (0%),41%,140
"$100,001-$250,000",Best outcome on loan/LOC/merchant cash advance application(s) at large bank,Some (1-50%),7%,140
"$100,001-$250,000",Best outcome on loan/LOC/merchant cash advance application(s) at large bank,Most (51-99%),24%,140
"$100,001-$250,000",Best outcome on loan/LOC/merchant cash advance application(s) at large bank,All (100%),28%,140
"$250,001-$500,000",Best outcome on loan/LOC/merchant cash advance application(s) at large bank,None (0%),41%,157
"$250,001-$500,000",Best outcome on loan/LOC/merchant cash advance application(s) at large bank,Some (1-50%),6%,157
"$250,001-$500,000",Best outcome on loan/LOC/merchant cash advance application(s) at large bank,Most (51-99%),12%,157
"$250,001-$500,000",Best outcome on loan/LOC/merchant cash advance application(s) at large bank,All (100%),41%,157
"$500,001-$1 million",Best outcome on loan/LOC/merchant cash advance application(s) at large bank,None (0%),33%,185
"$500,001-$1 million",Best outcome on loan/LOC/merchant cash advance application(s) at large bank,Some (1-50%),11%,185
"$500,001-$1 million",Best outcome on loan/LOC/merchant cash advance application(s) at large bank,Most (51-99%),13%,185
"$500,001-$1 million",Best outcome on loan/LOC/merchant cash advance application(s) at large bank,All (100%),44%,185
$1 million-$5 million,Best outcome on loan/LOC/merchant cash advance application(s) at large bank,None (0%),27%,264
$1 million-$5 million,Best outcome on loan/LOC/merchant cash advance application(s) at large bank,Some (1-50%),6%,264
$1 million-$5 million,Best outcome on loan/LOC/merchant cash advance application(s) at large bank,Most (51-99%),12%,264
$1 million-$5 million,Best outcome on loan/LOC/merchant cash advance application(s) at large bank,All (100%),54%,264
"$50,001-$100,000",Best outcome on loan/LOC/merchant cash advance application(s) at online lender,None (0%),35%,52
"$50,001-$100,000",Best outcome on loan/LOC/merchant cash advance application(s) at online lender,Some (1-50%),21%,52
"$50,001-$100,000",Best outcome on loan/LOC/merchant cash advance application(s) at online lender,Most (51-99%),9%,52
"$50,001-$100,000",Best outcome on loan/LOC/merchant cash advance application(s) at online lender,All (100%),36%,52
"$500,001-$1 million",Best outcome on loan/LOC/merchant cash advance application(s) at online lender,None (0%),14%,132
"$500,001-$1 million",Best outcome on loan/LOC/merchant cash advance application(s) at online lender,Some (1-50%),24%,132
"$500,001-$1 million",Best outcome on loan/LOC/merchant cash advance application(s) at online lender,Most (51-99%),30%,132
"$500,001-$1 million",Best outcome on loan/LOC/merchant cash advance application(s) at online lender,All (100%),31%,132
"$100,001-$250,000",Best outcome on loan/LOC/merchant cash advance application(s) at online lender,None (0%),40%,137
"$100,001-$250,000",Best outcome on loan/LOC/merchant cash advance application(s) at online lender,Some (1-50%),19%,137
"$100,001-$250,000",Best outcome on loan/LOC/merchant cash advance application(s) at online lender,Most (51-99%),13%,137
"$100,001-$250,000",Best outcome on loan/LOC/merchant cash advance application(s) at online lender,All (100%),28%,137
"$250,001-$500,000",Best outcome on loan/LOC/merchant cash advance application(s) at online lender,None (0%),23%,143
"$250,001-$500,000",Best outcome on loan/LOC/merchant cash advance application(s) at online lender,Some (1-50%),33%,143
"$250,001-$500,000",Best outcome on loan/LOC/merchant cash advance application(s) at online lender,Most (51-99%),19%,143
"$250,001-$500,000",Best outcome on loan/LOC/merchant cash advance application(s) at online lender,All (100%),25%,143
$1 million-$5 million,Best outcome on loan/LOC/merchant cash advance application(s) at online lender,None (0%),16%,166
$1 million-$5 million,Best outcome on loan/LOC/merchant cash advance application(s) at online lender,Some (1-50%),31%,166
$1 million-$5 million,Best outcome on loan/LOC/merchant cash advance application(s) at online lender,Most (51-99%),18%,166
$1 million-$5 million,Best outcome on loan/LOC/merchant cash advance application(s) at online lender,All (100%),35%,166
$5 million-$10 million,Best outcome on loan/LOC/merchant cash advance application(s) at small bank,None (0%),13%,64
$5 million-$10 million,Best outcome on loan/LOC/merchant cash advance application(s) at small bank,Some (1-50%),12%,64
$5 million-$10 million,Best outcome on loan/LOC/merchant cash advance application(s) at small bank,Most (51-99%),7%,64
$5 million-$10 million,Best outcome on loan/LOC/merchant cash advance application(s) at small bank,All (100%),67%,64
"$100,001-$250,000",Best outcome on loan/LOC/merchant cash advance application(s) at small bank,None (0%),37%,79
"$100,001-$250,000",Best outcome on loan/LOC/merchant cash advance application(s) at small bank,Some (1-50%),20%,79
"$100,001-$250,000",Best outcome on loan/LOC/merchant cash advance application(s) at small bank,Most (51-99%),7%,79
"$100,001-$250,000",Best outcome on loan/LOC/merchant cash advance application(s) at small bank,All (100%),36%,79
More than $10 million,Best outcome on loan/LOC/merchant cash advance application(s) at small bank,None (0%),6%,80
More than $10 million,Best outcome on loan/LOC/merchant cash advance application(s) at small bank,Some (1-50%),7%,80
More than $10 million,Best outcome on loan/LOC/merchant cash advance application(s) at small bank,Most (51-99%),7%,80
More than $10 million,Best outcome on loan/LOC/merchant cash advance application(s) at small bank,All (100%),80%,80
"$250,001-$500,000",Best outcome on loan/LOC/merchant cash advance application(s) at small bank,None (0%),23%,94
"$250,001-$500,000",Best outcome on loan/LOC/merchant cash advance application(s) at small bank,Some (1-50%),11%,94
"$250,001-$500,000",Best outcome on loan/LOC/merchant cash advance application(s) at small bank,Most (51-99%),19%,94
"$250,001-$500,000",Best outcome on loan/LOC/merchant cash advance application(s) at small bank,All (100%),47%,94
"$500,001-$1 million",Best outcome on loan/LOC/merchant cash advance application(s) at small bank,None (0%),34%,118
"$500,001-$1 million",Best outcome on loan/LOC/merchant cash advance application(s) at small bank,Some (1-50%),8%,118
"$500,001-$1 million",Best outcome on loan/LOC/merchant cash advance application(s) at small bank,Most (51-99%),12%,118
"$500,001-$1 million",Best outcome on loan/LOC/merchant cash advance application(s) at small bank,All (100%),46%,118
$1 million-$5 million,Best outcome on loan/LOC/merchant cash advance application(s) at small bank,None (0%),19%,209
$1 million-$5 million,Best outcome on loan/LOC/merchant cash advance application(s) at small bank,Some (1-50%),4%,209
$1 million-$5 million,Best outcome on loan/LOC/merchant cash advance application(s) at small bank,Most (51-99%),15%,209
$1 million-$5 million,Best outcome on loan/LOC/merchant cash advance application(s) at small bank,All (100%),62%,209
"$25,001-$50,000",Census division,South Atlantic,22%,284
"$25,001-$50,000",Census division,West South Central,18%,284
"$25,001-$50,000",Census division,Middle Atlantic,13%,284
"$25,001-$50,000",Census division,Mountain,11%,284
"$25,001-$50,000",Census division,Pacific,10%,284
"$25,001-$50,000",Census division,East North Central,9%,284
"$25,001-$50,000",Census division,West North Central,9%,284
"$25,001-$50,000",Census division,East South Central,5%,284
"$25,001-$50,000",Census division,New England,4%,284
"$0-$25,000",Census division,South Atlantic,28%,361
"$0-$25,000",Census division,Pacific,17%,361
"$0-$25,000",Census division,West South Central,14%,361
"$0-$25,000",Census division,Mountain,10%,361
"$0-$25,000",Census division,East North Central,9%,361
"$0-$25,000",Census division,West North Central,8%,361
"$0-$25,000",Census division,Middle Atlantic,8%,361
"$0-$25,000",Census division,New England,3%,361
"$0-$25,000",Census division,East South Central,3%,361
$5 million-$10 million,Census division,South Atlantic,21%,368
$5 million-$10 million,Census division,Pacific,18%,368
$5 million-$10 million,Census division,West South Central,18%,368
$5 million-$10 million,Census division,East North Central,13%,368
$5 million-$10 million,Census division,Middle Atlantic,9%,368
$5 million-$10 million,Census division,Mountain,7%,368
$5 million-$10 million,Census division,West North Central,6%,368
$5 million-$10 million,Census division,East South Central,5%,368
$5 million-$10 million,Census division,New England,4%,368
More than $10 million,Census division,South Atlantic,21%,412
More than $10 million,Census division,East North Central,21%,412
More than $10 million,Census division,East South Central,11%,412
More than $10 million,Census division,West South Central,11%,412
More than $10 million,Census division,Mountain,9%,412
More than $10 million,Census division,Pacific,9%,412
More than $10 million,Census division,West North Central,8%,412
More than $10 million,Census division,Middle Atlantic,8%,412
More than $10 million,Census division,New England,2%,412
"$50,001-$100,000",Census division,South Atlantic,22%,539
"$50,001-$100,000",Census division,Pacific,17%,539
"$50,001-$100,000",Census division,Middle Atlantic,16%,539
"$50,001-$100,000",Census division,West South Central,15%,539
"$50,001-$100,000",Census division,East North Central,13%,539
"$50,001-$100,000",Census division,East South Central,6%,539
"$50,001-$100,000",Census division,West North Central,5%,539
"$50,001-$100,000",Census division,New England,4%,539
"$50,001-$100,000",Census division,Mountain,3%,539
"$100,001-$250,000",Census division,South Atlantic,20%,1075
"$100,001-$250,000",Census division,East North Central,17%,1075
"$100,001-$250,000",Census division,Pacific,17%,1075
"$100,001-$250,000",Census division,Middle Atlantic,12%,1075
"$100,001-$250,000",Census division,West South Central,10%,1075
"$100,001-$250,000",Census division,Mountain,9%,1075
"$100,001-$250,000",Census division,West North Central,6%,1075
"$100,001-$250,000",Census division,New England,5%,1075
"$100,001-$250,000",Census division,East South Central,3%,1075
"$250,001-$500,000",Census division,South Atlantic,20%,1249
"$250,001-$500,000",Census division,Pacific,17%,1249
"$250,001-$500,000",Census division,Middle Atlantic,17%,1249
"$250,001-$500,000",Census division,East North Central,13%,1249
"$250,001-$500,000",Census division,Mountain,9%,1249
"$250,001-$500,000",Census division,West South Central,7%,1249
"$250,001-$500,000",Census division,West North Central,7%,1249
"$250,001-$500,000",Census division,East South Central,5%,1249
"$250,001-$500,000",Census division,New England,5%,1249
"$500,001-$1 million",Census division,South Atlantic,22%,1342
"$500,001-$1 million",Census division,Pacific,18%,1342
"$500,001-$1 million",Census division,Middle Atlantic,14%,1342
"$500,001-$1 million",Census division,East North Central,11%,1342
"$500,001-$1 million",Census division,West South Central,10%,1342
"$500,001-$1 million",Census division,West North Central,7%,1342
"$500,001-$1 million",Census division,New England,7%,1342
"$500,001-$1 million",Census division,Mountain,6%,1342
"$500,001-$1 million",Census division,East South Central,5%,1342
$1 million-$5 million,Census division,Pacific,17%,1867
$1 million-$5 million,Census division,South Atlantic,17%,1867
$1 million-$5 million,Census division,East North Central,14%,1867
$1 million-$5 million,Census division,Middle Atlantic,13%,1867
$1 million-$5 million,Census division,West South Central,11%,1867
$1 million-$5 million,Census division,Mountain,9%,1867
$1 million-$5 million,Census division,West North Central,7%,1867
$1 million-$5 million,Census division,East South Central,6%,1867
$1 million-$5 million,Census division,New England,5%,1867
"$250,001-$500,000",Challenges at finance company,High interest rate,52%,55
"$250,001-$500,000",Challenges at finance company,Difficult application process,35%,55
"$250,001-$500,000",Challenges at finance company,Experienced no challenges,33%,55
"$250,001-$500,000",Challenges at finance company,Lack of transparency,29%,55
"$250,001-$500,000",Challenges at finance company,Unfavorable repayment terms,25%,55
"$250,001-$500,000",Challenges at finance company,Long wait for credit decision or funding,24%,55
"$250,001-$500,000",Challenges at finance company,Other,7%,55
"$500,001-$1 million",Challenges at finance company,Experienced no challenges,54%,71
"$500,001-$1 million",Challenges at finance company,High interest rate,40%,71
"$500,001-$1 million",Challenges at finance company,Unfavorable repayment terms,26%,71
"$500,001-$1 million",Challenges at finance company,Long wait for credit decision or funding,9%,71
"$500,001-$1 million",Challenges at finance company,Lack of transparency,9%,71
"$500,001-$1 million",Challenges at finance company,Difficult application process,8%,71
"$500,001-$1 million",Challenges at finance company,Other,1%,71
$1 million-$5 million,Challenges at finance company,High interest rate,47%,108
$1 million-$5 million,Challenges at finance company,Experienced no challenges,46%,108
$1 million-$5 million,Challenges at finance company,Unfavorable repayment terms,12%,108
$1 million-$5 million,Challenges at finance company,Difficult application process,12%,108
$1 million-$5 million,Challenges at finance company,Lack of transparency,10%,108
$1 million-$5 million,Challenges at finance company,Long wait for credit decision or funding,9%,108
$1 million-$5 million,Challenges at finance company,Other,1%,108
"$50,001-$100,000",Challenges at large bank,Experienced no challenges,41%,66
"$50,001-$100,000",Challenges at large bank,High interest rate,34%,66
"$50,001-$100,000",Challenges at large bank,Long wait for credit decision or funding,18%,66
"$50,001-$100,000",Challenges at large bank,Difficult application process,17%,66
"$50,001-$100,000",Challenges at large bank,Other,7%,66
"$50,001-$100,000",Challenges at large bank,Lack of transparency,4%,66
"$50,001-$100,000",Challenges at large bank,Unfavorable repayment terms,1%,66
$5 million-$10 million,Challenges at large bank,Experienced no challenges,51%,70
$5 million-$10 million,Challenges at large bank,Long wait for credit decision or funding,29%,70
$5 million-$10 million,Challenges at large bank,High interest rate,18%,70
$5 million-$10 million,Challenges at large bank,Difficult application process,17%,70
$5 million-$10 million,Challenges at large bank,Unfavorable repayment terms,3%,70
$5 million-$10 million,Challenges at large bank,Lack of transparency,3%,70
$5 million-$10 million,Challenges at large bank,Other,2%,70
More than $10 million,Challenges at large bank,Experienced no challenges,59%,92
More than $10 million,Challenges at large bank,High interest rate,24%,92
More than $10 million,Challenges at large bank,Long wait for credit decision or funding,21%,92
More than $10 million,Challenges at large bank,Unfavorable repayment terms,10%,92
More than $10 million,Challenges at large bank,Difficult application process,10%,92
More than $10 million,Challenges at large bank,Lack of transparency,8%,92
More than $10 million,Challenges at large bank,Other,2%,92
"$100,001-$250,000",Challenges at large bank,Experienced no challenges,37%,140
"$100,001-$250,000",Challenges at large bank,Difficult application process,31%,140
"$100,001-$250,000",Challenges at large bank,High interest rate,30%,140
"$100,001-$250,000",Challenges at large bank,Long wait for credit decision or funding,20%,140
"$100,001-$250,000",Challenges at large bank,Lack of transparency,16%,140
"$100,001-$250,000",Challenges at large bank,Unfavorable repayment terms,14%,140
"$100,001-$250,000",Challenges at large bank,Other,4%,140
"$250,001-$500,000",Challenges at large bank,Experienced no challenges,55%,155
"$250,001-$500,000",Challenges at large bank,High interest rate,26%,155
"$250,001-$500,000",Challenges at large bank,Difficult application process,18%,155
"$250,001-$500,000",Challenges at large bank,Long wait for credit decision or funding,18%,155
"$250,001-$500,000",Challenges at large bank,Lack of transparency,15%,155
"$250,001-$500,000",Challenges at large bank,Unfavorable repayment terms,11%,155
"$250,001-$500,000",Challenges at large bank,Other,2%,155
"$500,001-$1 million",Challenges at large bank,Experienced no challenges,51%,183
"$500,001-$1 million",Challenges at large bank,High interest rate,32%,183
"$500,001-$1 million",Challenges at large bank,Difficult application process,17%,183
"$500,001-$1 million",Challenges at large bank,Lack of transparency,13%,183
"$500,001-$1 million",Challenges at large bank,Unfavorable repayment terms,12%,183
"$500,001-$1 million",Challenges at large bank,Long wait for credit decision or funding,12%,183
"$500,001-$1 million",Challenges at large bank,Other,3%,183
$1 million-$5 million,Challenges at large bank,Experienced no challenges,49%,266
$1 million-$5 million,Challenges at large bank,Long wait for credit decision or funding,27%,266
$1 million-$5 million,Challenges at large bank,High interest rate,26%,266
$1 million-$5 million,Challenges at large bank,Difficult application process,25%,266
$1 million-$5 million,Challenges at large bank,Unfavorable repayment terms,8%,266
$1 million-$5 million,Challenges at large bank,Lack of transparency,7%,266
$1 million-$5 million,Challenges at large bank,Other,2%,266
"$50,001-$100,000",Challenges at online lender,High interest rate,50%,52
"$50,001-$100,000",Challenges at online lender,Experienced no challenges,45%,52
"$50,001-$100,000",Challenges at online lender,Unfavorable repayment terms,15%,52
"$50,001-$100,000",Challenges at online lender,Difficult application process,14%,52
"$50,001-$100,000",Challenges at online lender,Long wait for credit decision or funding,9%,52
"$50,001-$100,000",Challenges at online lender,Lack of transparency,5%,52
"$50,001-$100,000",Challenges at online lender,Other,0%,52
"$500,001-$1 million",Challenges at online lender,High interest rate,58%,133
"$500,001-$1 million",Challenges at online lender,Unfavorable repayment terms,49%,133
"$500,001-$1 million",Challenges at online lender,Experienced no challenges,29%,133
"$500,001-$1 million",Challenges at online lender,Lack of transparency,12%,133
"$500,001-$1 million",Challenges at online lender,Long wait for credit decision or funding,7%,133
"$500,001-$1 million",Challenges at online lender,Difficult application process,7%,133
"$500,001-$1 million",Challenges at online lender,Other,2%,133
"$100,001-$250,000",Challenges at online lender,High interest rate,48%,140
"$100,001-$250,000",Challenges at online lender,Unfavorable repayment terms,31%,140
"$100,001-$250,000",Challenges at online lender,Difficult application process,29%,140
"$100,001-$250,000",Challenges at online lender,Experienced no challenges,19%,140
"$100,001-$250,000",Challenges at online lender,Lack of transparency,18%,140
"$100,001-$250,000",Challenges at online lender,Long wait for credit decision or funding,16%,140
"$100,001-$250,000",Challenges at online lender,Other,0%,140
"$250,001-$500,000",Challenges at online lender,High interest rate,45%,153
"$250,001-$500,000",Challenges at online lender,Unfavorable repayment terms,42%,153
"$250,001-$500,000",Challenges at online lender,Experienced no challenges,26%,153
"$250,001-$500,000",Challenges at online lender,Difficult application process,22%,153
"$250,001-$500,000",Challenges at online lender,Lack of transparency,19%,153
"$250,001-$500,000",Challenges at online lender,Long wait for credit decision or funding,15%,153
"$250,001-$500,000",Challenges at online lender,Other,2%,153
$1 million-$5 million,Challenges at online lender,High interest rate,71%,167
$1 million-$5 million,Challenges at online lender,Unfavorable repayment terms,42%,167
$1 million-$5 million,Challenges at online lender,Experienced no challenges,28%,167
$1 million-$5 million,Challenges at online lender,Lack of transparency,15%,167
$1 million-$5 million,Challenges at online lender,Difficult application process,13%,167
$1 million-$5 million,Challenges at online lender,Long wait for credit decision or funding,8%,167
$1 million-$5 million,Challenges at online lender,Other,0%,167
$5 million-$10 million,Challenges at small bank,Experienced no challenges,51%,67
$5 million-$10 million,Challenges at small bank,High interest rate,28%,67
$5 million-$10 million,Challenges at small bank,Unfavorable repayment terms,16%,67
$5 million-$10 million,Challenges at small bank,Other,14%,67
$5 million-$10 million,Challenges at small bank,Long wait for credit decision or funding,11%,67
$5 million-$10 million,Challenges at small bank,Difficult application process,8%,67
$5 million-$10 million,Challenges at small bank,Lack of transparency,0%,67
"$100,001-$250,000",Challenges at small bank,Experienced no challenges,48%,80
"$100,001-$250,000",Challenges at small bank,High interest rate,31%,80
"$100,001-$250,000",Challenges at small bank,Long wait for credit decision or funding,20%,80
"$100,001-$250,000",Challenges at small bank,Difficult application process,13%,80
"$100,001-$250,000",Challenges at small bank,Unfavorable repayment terms,12%,80
"$100,001-$250,000",Challenges at small bank,Lack of transparency,8%,80
"$100,001-$250,000",Challenges at small bank,Other,6%,80
More than $10 million,Challenges at small bank,Experienced no challenges,69%,80
More than $10 million,Challenges at small bank,High interest rate,29%,80
More than $10 million,Challenges at small bank,Long wait for credit decision or funding,11%,80
More than $10 million,Challenges at small bank,Unfavorable repayment terms,6%,80
More than $10 million,Challenges at small bank,Difficult application process,4%,80
More than $10 million,Challenges at small bank,Other,3%,80
More than $10 million,Challenges at small bank,Lack of transparency,3%,80
"$250,001-$500,000",Challenges at small bank,Experienced no challenges,49%,99
"$250,001-$500,000",Challenges at small bank,High interest rate,30%,99
"$250,001-$500,000",Challenges at small bank,Long wait for credit decision or funding,21%,99
"$250,001-$500,000",Challenges at small bank,Difficult application process,19%,99
"$250,001-$500,000",Challenges at small bank,Unfavorable repayment terms,18%,99
"$250,001-$500,000",Challenges at small bank,Lack of transparency,15%,99
"$250,001-$500,000",Challenges at small bank,Other,0%,99
"$500,001-$1 million",Challenges at small bank,Experienced no challenges,43%,117
"$500,001-$1 million",Challenges at small bank,High interest rate,33%,117
"$500,001-$1 million",Challenges at small bank,Difficult application process,15%,117
"$500,001-$1 million",Challenges at small bank,Lack of transparency,14%,117
"$500,001-$1 million",Challenges at small bank,Long wait for credit decision or funding,9%,117
"$500,001-$1 million",Challenges at small bank,Unfavorable repayment terms,8%,117
"$500,001-$1 million",Challenges at small bank,Other,3%,117
$1 million-$5 million,Challenges at small bank,Experienced no challenges,56%,218
$1 million-$5 million,Challenges at small bank,High interest rate,32%,218
$1 million-$5 million,Challenges at small bank,Long wait for credit decision or funding,16%,218
$1 million-$5 million,Challenges at small bank,Difficult application process,16%,218
$1 million-$5 million,Challenges at small bank,Unfavorable repayment terms,7%,218
$1 million-$5 million,Challenges at small bank,Lack of transparency,1%,218
$1 million-$5 million,Challenges at small bank,Other,1%,218
"$25,001-$50,000",Confidence level that insurance coverage is adequate,Not confident,19%,170
"$25,001-$50,000",Confidence level that insurance coverage is adequate,Somewhat confident,34%,170
"$25,001-$50,000",Confidence level that insurance coverage is adequate,Very confident,47%,170
"$0-$25,000",Confidence level that insurance coverage is adequate,Not confident,20%,233
"$0-$25,000",Confidence level that insurance coverage is adequate,Somewhat confident,28%,233
"$0-$25,000",Confidence level that insurance coverage is adequate,Very confident,51%,233
$5 million-$10 million,Confidence level that insurance coverage is adequate,Not confident,3%,296
$5 million-$10 million,Confidence level that insurance coverage is adequate,Somewhat confident,36%,296
$5 million-$10 million,Confidence level that insurance coverage is adequate,Very confident,61%,296
More than $10 million,Confidence level that insurance coverage is adequate,Not confident,5%,334
More than $10 million,Confidence level that insurance coverage is adequate,Somewhat confident,36%,334
More than $10 million,Confidence level that insurance coverage is adequate,Very confident,59%,334
"$50,001-$100,000",Confidence level that insurance coverage is adequate,Not confident,10%,371
"$50,001-$100,000",Confidence level that insurance coverage is adequate,Somewhat confident,38%,371
"$50,001-$100,000",Confidence level that insurance coverage is adequate,Very confident,52%,371
"$100,001-$250,000",Confidence level that insurance coverage is adequate,Not confident,10%,801
"$100,001-$250,000",Confidence level that insurance coverage is adequate,Somewhat confident,48%,801
"$100,001-$250,000",Confidence level that insurance coverage is adequate,Very confident,41%,801
"$250,001-$500,000",Confidence level that insurance coverage is adequate,Not confident,10%,998
"$250,001-$500,000",Confidence level that insurance coverage is adequate,Somewhat confident,45%,998
"$250,001-$500,000",Confidence level that insurance coverage is adequate,Very confident,45%,998
"$500,001-$1 million",Confidence level that insurance coverage is adequate,Not confident,8%,1058
"$500,001-$1 million",Confidence level that insurance coverage is adequate,Somewhat confident,42%,1058
"$500,001-$1 million",Confidence level that insurance coverage is adequate,Very confident,51%,1058
$1 million-$5 million,Confidence level that insurance coverage is adequate,Not confident,8%,1544
$1 million-$5 million,Confidence level that insurance coverage is adequate,Somewhat confident,42%,1544
$1 million-$5 million,Confidence level that insurance coverage is adequate,Very confident,51%,1544
"$25,001-$50,000",Credit risk of firm,Low credit risk,63%,207
"$25,001-$50,000",Credit risk of firm,Medium credit risk,24%,207
"$25,001-$50,000",Credit risk of firm,High credit risk,13%,207
"$0-$25,000",Credit risk of firm,Low credit risk,59%,268
"$0-$25,000",Credit risk of firm,Medium credit risk,27%,268
"$0-$25,000",Credit risk of firm,High credit risk,13%,268
$5 million-$10 million,Credit risk of firm,Low credit risk,88%,272
$5 million-$10 million,Credit risk of firm,Medium credit risk,11%,272
$5 million-$10 million,Credit risk of firm,High credit risk,1%,272
More than $10 million,Credit risk of firm,Low credit risk,92%,285
More than $10 million,Credit risk of firm,Medium credit risk,8%,285
More than $10 million,Credit risk of firm,High credit risk,0%,285
"$50,001-$100,000",Credit risk of firm,Low credit risk,56%,406
"$50,001-$100,000",Credit risk of firm,Medium credit risk,31%,406
"$50,001-$100,000",Credit risk of firm,High credit risk,12%,406
"$100,001-$250,000",Credit risk of firm,Low credit risk,62%,822
"$100,001-$250,000",Credit risk of firm,Medium credit risk,28%,822
"$100,001-$250,000",Credit risk of firm,High credit risk,10%,822
"$250,001-$500,000",Credit risk of firm,Low credit risk,68%,938
"$250,001-$500,000",Credit risk of firm,Medium credit risk,24%,938
"$250,001-$500,000",Credit risk of firm,High credit risk,8%,938
"$500,001-$1 million",Credit risk of firm,Low credit risk,74%,1003
"$500,001-$1 million",Credit risk of firm,Medium credit risk,23%,1003
"$500,001-$1 million",Credit risk of firm,High credit risk,3%,1003
$1 million-$5 million,Credit risk of firm,Low credit risk,81%,1445
$1 million-$5 million,Credit risk of firm,Medium credit risk,16%,1445
$1 million-$5 million,Credit risk of firm,High credit risk,3%,1445
"$25,001-$50,000",Current financial condition,Poor,27%,284
"$25,001-$50,000",Current financial condition,Fair,45%,284
"$25,001-$50,000",Current financial condition,Good,16%,284
"$25,001-$50,000",Current financial condition,Very good,4%,284
"$25,001-$50,000",Current financial condition,Excellent,7%,284
"$0-$25,000",Current financial condition,Poor,37%,361
"$0-$25,000",Current financial condition,Fair,43%,361
"$0-$25,000",Current financial condition,Good,18%,361
"$0-$25,000",Current financial condition,Very good,1%,361
"$0-$25,000",Current financial condition,Excellent,1%,361
$5 million-$10 million,Current financial condition,Poor,9%,368
$5 million-$10 million,Current financial condition,Fair,29%,368
$5 million-$10 million,Current financial condition,Good,26%,368
$5 million-$10 million,Current financial condition,Very good,21%,368
$5 million-$10 million,Current financial condition,Excellent,15%,368
More than $10 million,Current financial condition,Poor,5%,411
More than $10 million,Current financial condition,Fair,23%,411
More than $10 million,Current financial condition,Good,34%,411
More than $10 million,Current financial condition,Very good,24%,411
More than $10 million,Current financial condition,Excellent,14%,411
"$50,001-$100,000",Current financial condition,Poor,25%,539
"$50,001-$100,000",Current financial condition,Fair,44%,539
"$50,001-$100,000",Current financial condition,Good,24%,539
"$50,001-$100,000",Current financial condition,Very good,7%,539
"$50,001-$100,000",Current financial condition,Excellent,1%,539
"$100,001-$250,000",Current financial condition,Poor,28%,1074
"$100,001-$250,000",Current financial condition,Fair,42%,1074
"$100,001-$250,000",Current financial condition,Good,23%,1074
"$100,001-$250,000",Current financial condition,Very good,5%,1074
"$100,001-$250,000",Current financial condition,Excellent,1%,1074
"$250,001-$500,000",Current financial condition,Poor,24%,1249
"$250,001-$500,000",Current financial condition,Fair,40%,1249
"$250,001-$500,000",Current financial condition,Good,26%,1249
"$250,001-$500,000",Current financial condition,Very good,8%,1249
"$250,001-$500,000",Current financial condition,Excellent,3%,1249
"$500,001-$1 million",Current financial condition,Poor,17%,1341
"$500,001-$1 million",Current financial condition,Fair,36%,1341
"$500,001-$1 million",Current financial condition,Good,26%,1341
"$500,001-$1 million",Current financial condition,Very good,17%,1341
"$500,001-$1 million",Current financial condition,Excellent,4%,1341
$1 million-$5 million,Current financial condition,Poor,15%,1865
$1 million-$5 million,Current financial condition,Fair,33%,1865
$1 million-$5 million,Current financial condition,Good,30%,1865
$1 million-$5 million,Current financial condition,Very good,14%,1865
$1 million-$5 million,Current financial condition,Excellent,8%,1865
"$25,001-$50,000",Demand for financing,Applied for any type of financing,58%,284
"$0-$25,000",Demand for financing,Applied for any type of financing,64%,361
$5 million-$10 million,Demand for financing,Applied for any type of financing,63%,368
More than $10 million,Demand for financing,Applied for any type of financing,66%,412
"$50,001-$100,000",Demand for financing,Applied for any type of financing,61%,539
"$100,001-$250,000",Demand for financing,Applied for any type of financing,58%,1075
"$250,001-$500,000",Demand for financing,Applied for any type of financing,52%,1249
"$500,001-$1 million",Demand for financing,Applied for any type of financing,60%,1342
$1 million-$5 million,Demand for financing,Applied for any type of financing,56%,1867
"$25,001-$50,000",Disability status of ownership,Not majority-owned by owner(s) with disability,87%,227
"$25,001-$50,000",Disability status of ownership,Majority-owned by owner(s) with disability,13%,227
"$0-$25,000",Disability status of ownership,Not majority-owned by owner(s) with disability,83%,297
"$0-$25,000",Disability status of ownership,Majority-owned by owner(s) with disability,17%,297
$5 million-$10 million,Disability status of ownership,Not majority-owned by owner(s) with disability,97%,326
$5 million-$10 million,Disability status of ownership,Majority-owned by owner(s) with disability,3%,326
More than $10 million,Disability status of ownership,Not majority-owned by owner(s) with disability,97%,358
More than $10 million,Disability status of ownership,Majority-owned by owner(s) with disability,3%,358
"$50,001-$100,000",Disability status of ownership,Not majority-owned by owner(s) with disability,91%,430
"$50,001-$100,000",Disability status of ownership,Majority-owned by owner(s) with disability,9%,430
"$100,001-$250,000",Disability status of ownership,Not majority-owned by owner(s) with disability,95%,891
"$100,001-$250,000",Disability status of ownership,Majority-owned by owner(s) with disability,5%,891
"$250,001-$500,000",Disability status of ownership,Not majority-owned by owner(s) with disability,94%,1069
"$250,001-$500,000",Disability status of ownership,Majority-owned by owner(s) with disability,6%,1069
"$500,001-$1 million",Disability status of ownership,Not majority-owned by owner(s) with disability,96%,1152
"$500,001-$1 million",Disability status of ownership,Majority-owned by owner(s) with disability,4%,1152
$1 million-$5 million,Disability status of ownership,Not majority-owned by owner(s) with disability,97%,1627
$1 million-$5 million,Disability status of ownership,Majority-owned by owner(s) with disability,3%,1627
"$250,001-$500,000",Discouraged borrower reason for not applying,Weak business financials,91%,50
"$250,001-$500,000",Discouraged borrower reason for not applying,Lenders do not approve financing for businesses like mine,23%,50
"$250,001-$500,000",Discouraged borrower reason for not applying,Lender requirements too strict,11%,50
"$250,001-$500,000",Discouraged borrower reason for not applying,Was denied financing previously,5%,50
"$250,001-$500,000",Discouraged borrower reason for not applying,Unsure,2%,50
"$250,001-$500,000",Discouraged borrower reason for not applying,Missing documentation,1%,50
"$250,001-$500,000",Discouraged borrower reason for not applying,Other,0%,50
"$0-$25,000",Discouraged borrower reason for not applying,Weak business financials,67%,55
"$0-$25,000",Discouraged borrower reason for not applying,Lenders do not approve financing for businesses like mine,49%,55
"$0-$25,000",Discouraged borrower reason for not applying,Lender requirements too strict,26%,55
"$0-$25,000",Discouraged borrower reason for not applying,Was denied financing previously,21%,55
"$0-$25,000",Discouraged borrower reason for not applying,Unsure,17%,55
"$0-$25,000",Discouraged borrower reason for not applying,Other,1%,55
"$0-$25,000",Discouraged borrower reason for not applying,Missing documentation,0%,55
"$25,001-$50,000",Distance from hq business delivers products / renders services to key customers,0 miles (at business's headquarters),24%,196
"$25,001-$50,000",Distance from hq business delivers products / renders services to key customers,0–50 miles (locally),59%,196
"$25,001-$50,000",Distance from hq business delivers products / renders services to key customers,51–500 miles (regionally),21%,196
"$25,001-$50,000",Distance from hq business delivers products / renders services to key customers,"More than 500 miles away, within the US (nationally)",14%,196
"$25,001-$50,000",Distance from hq business delivers products / renders services to key customers,Outside the US (internationally),2%,196
"$0-$25,000",Distance from hq business delivers products / renders services to key customers,0 miles (at business's headquarters),18%,216
"$0-$25,000",Distance from hq business delivers products / renders services to key customers,0–50 miles (locally),70%,216
"$0-$25,000",Distance from hq business delivers products / renders services to key customers,51–500 miles (regionally),20%,216
"$0-$25,000",Distance from hq business delivers products / renders services to key customers,"More than 500 miles away, within the US (nationally)",18%,216
"$0-$25,000",Distance from hq business delivers products / renders services to key customers,Outside the US (internationally),3%,216
$5 million-$10 million,Distance from hq business delivers products / renders services to key customers,0 miles (at business's headquarters),5%,297
$5 million-$10 million,Distance from hq business delivers products / renders services to key customers,0–50 miles (locally),51%,297
$5 million-$10 million,Distance from hq business delivers products / renders services to key customers,51–500 miles (regionally),48%,297
$5 million-$10 million,Distance from hq business delivers products / renders services to key customers,"More than 500 miles away, within the US (nationally)",35%,297
$5 million-$10 million,Distance from hq business delivers products / renders services to key customers,Outside the US (internationally),10%,297
More than $10 million,Distance from hq business delivers products / renders services to key customers,0 miles (at business's headquarters),10%,336
More than $10 million,Distance from hq business delivers products / renders services to key customers,0–50 miles (locally),56%,336
More than $10 million,Distance from hq business delivers products / renders services to key customers,51–500 miles (regionally),47%,336
More than $10 million,Distance from hq business delivers products / renders services to key customers,"More than 500 miles away, within the US (nationally)",38%,336
More than $10 million,Distance from hq business delivers products / renders services to key customers,Outside the US (internationally),14%,336
"$50,001-$100,000",Distance from hq business delivers products / renders services to key customers,0 miles (at business's headquarters),28%,390
"$50,001-$100,000",Distance from hq business delivers products / renders services to key customers,0–50 miles (locally),55%,390
"$50,001-$100,000",Distance from hq business delivers products / renders services to key customers,51–500 miles (regionally),23%,390
"$50,001-$100,000",Distance from hq business delivers products / renders services to key customers,"More than 500 miles away, within the US (nationally)",21%,390
"$50,001-$100,000",Distance from hq business delivers products / renders services to key customers,Outside the US (internationally),6%,390
"$100,001-$250,000",Distance from hq business delivers products / renders services to key customers,0 miles (at business's headquarters),23%,842
"$100,001-$250,000",Distance from hq business delivers products / renders services to key customers,0–50 miles (locally),61%,842
"$100,001-$250,000",Distance from hq business delivers products / renders services to key customers,51–500 miles (regionally),21%,842
"$100,001-$250,000",Distance from hq business delivers products / renders services to key customers,"More than 500 miles away, within the US (nationally)",20%,842
"$100,001-$250,000",Distance from hq business delivers products / renders services to key customers,Outside the US (internationally),2%,842
"$250,001-$500,000",Distance from hq business delivers products / renders services to key customers,0 miles (at business's headquarters),25%,1000
"$250,001-$500,000",Distance from hq business delivers products / renders services to key customers,0–50 miles (locally),58%,1000
"$250,001-$500,000",Distance from hq business delivers products / renders services to key customers,51–500 miles (regionally),25%,1000
"$250,001-$500,000",Distance from hq business delivers products / renders services to key customers,"More than 500 miles away, within the US (nationally)",18%,1000
"$250,001-$500,000",Distance from hq business delivers products / renders services to key customers,Outside the US (internationally),4%,1000
"$500,001-$1 million",Distance from hq business delivers products / renders services to key customers,0 miles (at business's headquarters),24%,1077
"$500,001-$1 million",Distance from hq business delivers products / renders services to key customers,0–50 miles (locally),58%,1077
"$500,001-$1 million",Distance from hq business delivers products / renders services to key customers,51–500 miles (regionally),26%,1077
"$500,001-$1 million",Distance from hq business delivers products / renders services to key customers,"More than 500 miles away, within the US (nationally)",20%,1077
"$500,001-$1 million",Distance from hq business delivers products / renders services to key customers,Outside the US (internationally),6%,1077
$1 million-$5 million,Distance from hq business delivers products / renders services to key customers,0 miles (at business's headquarters),19%,1558
$1 million-$5 million,Distance from hq business delivers products / renders services to key customers,0–50 miles (locally),58%,1558
$1 million-$5 million,Distance from hq business delivers products / renders services to key customers,51–500 miles (regionally),35%,1558
$1 million-$5 million,Distance from hq business delivers products / renders services to key customers,"More than 500 miles away, within the US (nationally)",27%,1558
$1 million-$5 million,Distance from hq business delivers products / renders services to key customers,Outside the US (internationally),11%,1558
"$25,001-$50,000","Employment change, prior 12 months",Decreased,15%,265
"$25,001-$50,000","Employment change, prior 12 months",No change,50%,265
"$25,001-$50,000","Employment change, prior 12 months",Increased,35%,265
"$0-$25,000","Employment change, prior 12 months",Decreased,13%,347
"$0-$25,000","Employment change, prior 12 months",No change,45%,347
"$0-$25,000","Employment change, prior 12 months",Increased,42%,347
$5 million-$10 million,"Employment change, prior 12 months",Decreased,27%,363
$5 million-$10 million,"Employment change, prior 12 months",No change,41%,363
$5 million-$10 million,"Employment change, prior 12 months",Increased,32%,363
More than $10 million,"Employment change, prior 12 months",Decreased,24%,404
More than $10 million,"Employment change, prior 12 months",No change,34%,404
More than $10 million,"Employment change, prior 12 months",Increased,43%,404
"$50,001-$100,000","Employment change, prior 12 months",Decreased,21%,504
"$50,001-$100,000","Employment change, prior 12 months",No change,54%,504
"$50,001-$100,000","Employment change, prior 12 months",Increased,24%,504
"$100,001-$250,000","Employment change, prior 12 months",Decreased,22%,1039
"$100,001-$250,000","Employment change, prior 12 months",No change,60%,1039
"$100,001-$250,000","Employment change, prior 12 months",Increased,18%,1039
"$250,001-$500,000","Employment change, prior 12 months",Decreased,23%,1214
"$250,001-$500,000","Employment change, prior 12 months",No change,54%,1214
"$250,001-$500,000","Employment change, prior 12 months",Increased,23%,1214
"$500,001-$1 million","Employment change, prior 12 months",Decreased,25%,1315
"$500,001-$1 million","Employment change, prior 12 months",No change,52%,1315
"$500,001-$1 million","Employment change, prior 12 months",Increased,23%,1315
$1 million-$5 million,"Employment change, prior 12 months",Decreased,28%,1840
$1 million-$5 million,"Employment change, prior 12 months",No change,46%,1840
$1 million-$5 million,"Employment change, prior 12 months",Increased,26%,1840
"$25,001-$50,000","Employment expectations, next 12 months",Will decrease,9%,267
"$25,001-$50,000","Employment expectations, next 12 months",Will not change,51%,267
"$25,001-$50,000","Employment expectations, next 12 months",Will increase,40%,267
"$0-$25,000","Employment expectations, next 12 months",Will decrease,6%,347
"$0-$25,000","Employment expectations, next 12 months",Will not change,32%,347
"$0-$25,000","Employment expectations, next 12 months",Will increase,62%,347
$5 million-$10 million,"Employment expectations, next 12 months",Will decrease,15%,363
$5 million-$10 million,"Employment expectations, next 12 months",Will not change,39%,363
$5 million-$10 million,"Employment expectations, next 12 months",Will increase,46%,363
More than $10 million,"Employment expectations, next 12 months",Will decrease,14%,408
More than $10 million,"Employment expectations, next 12 months",Will not change,40%,408
More than $10 million,"Employment expectations, next 12 months",Will increase,46%,408
"$50,001-$100,000","Employment expectations, next 12 months",Will decrease,11%,509
"$50,001-$100,000","Employment expectations, next 12 months",Will not change,50%,509
"$50,001-$100,000","Employment expectations, next 12 months",Will increase,39%,509
"$100,001-$250,000","Employment expectations, next 12 months",Will decrease,12%,1045
"$100,001-$250,000","Employment expectations, next 12 months",Will not change,56%,1045
"$100,001-$250,000","Employment expectations, next 12 months",Will increase,32%,1045
"$250,001-$500,000","Employment expectations, next 12 months",Will decrease,10%,1224
"$250,001-$500,000","Employment expectations, next 12 months",Will not change,58%,1224
"$250,001-$500,000","Employment expectations, next 12 months",Will increase,32%,1224
"$500,001-$1 million","Employment expectations, next 12 months",Will decrease,10%,1321
"$500,001-$1 million","Employment expectations, next 12 months",Will not change,58%,1321
"$500,001-$1 million","Employment expectations, next 12 months",Will increase,33%,1321
$1 million-$5 million,"Employment expectations, next 12 months",Will decrease,15%,1844
$1 million-$5 million,"Employment expectations, next 12 months",Will not change,52%,1844
$1 million-$5 million,"Employment expectations, next 12 months",Will increase,33%,1844
"$25,001-$50,000","Financial challenges, prior 12 months",Paying operating expenses,66%,284
"$25,001-$50,000","Financial challenges, prior 12 months","Increased costs of goods, services, and/or wages",65%,284
"$25,001-$50,000","Financial challenges, prior 12 months",Uneven cash flow,43%,284
"$25,001-$50,000","Financial challenges, prior 12 months",Making payments on debt/interest rates,38%,284
"$25,001-$50,000","Financial challenges, prior 12 months",Weak sales,34%,284
"$25,001-$50,000","Financial challenges, prior 12 months",Credit availability,29%,284
"$25,001-$50,000","Financial challenges, prior 12 months",Did not experience any financial challenges,4%,284
"$25,001-$50,000","Financial challenges, prior 12 months",Other,0%,284
"$0-$25,000","Financial challenges, prior 12 months",Paying operating expenses,71%,356
"$0-$25,000","Financial challenges, prior 12 months",Weak sales,57%,356
"$0-$25,000","Financial challenges, prior 12 months","Increased costs of goods, services, and/or wages",57%,356
"$0-$25,000","Financial challenges, prior 12 months",Uneven cash flow,48%,356
"$0-$25,000","Financial challenges, prior 12 months",Credit availability,45%,356
"$0-$25,000","Financial challenges, prior 12 months",Making payments on debt/interest rates,35%,356
"$0-$25,000","Financial challenges, prior 12 months",Did not experience any financial challenges,5%,356
"$0-$25,000","Financial challenges, prior 12 months",Other,1%,356
$5 million-$10 million,"Financial challenges, prior 12 months","Increased costs of goods, services, and/or wages",79%,368
$5 million-$10 million,"Financial challenges, prior 12 months",Uneven cash flow,47%,368
$5 million-$10 million,"Financial challenges, prior 12 months",Weak sales,40%,368
$5 million-$10 million,"Financial challenges, prior 12 months",Paying operating expenses,32%,368
$5 million-$10 million,"Financial challenges, prior 12 months",Credit availability,28%,368
$5 million-$10 million,"Financial challenges, prior 12 months",Making payments on debt/interest rates,24%,368
$5 million-$10 million,"Financial challenges, prior 12 months",Did not experience any financial challenges,7%,368
$5 million-$10 million,"Financial challenges, prior 12 months",Other,0%,368
More than $10 million,"Financial challenges, prior 12 months","Increased costs of goods, services, and/or wages",81%,408
More than $10 million,"Financial challenges, prior 12 months",Weak sales,43%,408
More than $10 million,"Financial challenges, prior 12 months",Uneven cash flow,39%,408
More than $10 million,"Financial challenges, prior 12 months",Paying operating expenses,29%,408
More than $10 million,"Financial challenges, prior 12 months",Making payments on debt/interest rates,21%,408
More than $10 million,"Financial challenges, prior 12 months",Credit availability,20%,408
More than $10 million,"Financial challenges, prior 12 months",Did not experience any financial challenges,9%,408
More than $10 million,"Financial challenges, prior 12 months",Other,0%,408
"$50,001-$100,000","Financial challenges, prior 12 months","Increased costs of goods, services, and/or wages",66%,536
"$50,001-$100,000","Financial challenges, prior 12 months",Paying operating expenses,61%,536
"$50,001-$100,000","Financial challenges, prior 12 months",Uneven cash flow,50%,536
"$50,001-$100,000","Financial challenges, prior 12 months",Weak sales,48%,536
"$50,001-$100,000","Financial challenges, prior 12 months",Making payments on debt/interest rates,42%,536
"$50,001-$100,000","Financial challenges, prior 12 months",Credit availability,32%,536
"$50,001-$100,000","Financial challenges, prior 12 months",Did not experience any financial challenges,7%,536
"$50,001-$100,000","Financial challenges, prior 12 months",Other,0%,536
"$100,001-$250,000","Financial challenges, prior 12 months","Increased costs of goods, services, and/or wages",74%,1071
"$100,001-$250,000","Financial challenges, prior 12 months",Paying operating expenses,59%,1071
"$100,001-$250,000","Financial challenges, prior 12 months",Weak sales,54%,1071
"$100,001-$250,000","Financial challenges, prior 12 months",Uneven cash flow,54%,1071
"$100,001-$250,000","Financial challenges, prior 12 months",Making payments on debt/interest rates,44%,1071
"$100,001-$250,000","Financial challenges, prior 12 months",Credit availability,27%,1071
"$100,001-$250,000","Financial challenges, prior 12 months",Did not experience any financial challenges,3%,1071
"$100,001-$250,000","Financial challenges, prior 12 months",Other,0%,1071
"$250,001-$500,000","Financial challenges, prior 12 months","Increased costs of goods, services, and/or wages",78%,1246
"$250,001-$500,000","Financial challenges, prior 12 months",Paying operating expenses,64%,1246
"$250,001-$500,000","Financial challenges, prior 12 months",Uneven cash flow,53%,1246
"$250,001-$500,000","Financial challenges, prior 12 months",Weak sales,49%,1246
"$250,001-$500,000","Financial challenges, prior 12 months",Making payments on debt/interest rates,39%,1246
"$250,001-$500,000","Financial challenges, prior 12 months",Credit availability,26%,1246
"$250,001-$500,000","Financial challenges, prior 12 months",Did not experience any financial challenges,5%,1246
"$250,001-$500,000","Financial challenges, prior 12 months",Other,0%,1246
"$500,001-$1 million","Financial challenges, prior 12 months","Increased costs of goods, services, and/or wages",77%,1339
"$500,001-$1 million","Financial challenges, prior 12 months",Paying operating expenses,57%,1339
"$500,001-$1 million","Financial challenges, prior 12 months",Uneven cash flow,51%,1339
"$500,001-$1 million","Financial challenges, prior 12 months",Weak sales,46%,1339
"$500,001-$1 million","Financial challenges, prior 12 months",Making payments on debt/interest rates,37%,1339
"$500,001-$1 million","Financial challenges, prior 12 months",Credit availability,25%,1339
"$500,001-$1 million","Financial challenges, prior 12 months",Did not experience any financial challenges,8%,1339
"$500,001-$1 million","Financial challenges, prior 12 months",Other,1%,1339
$1 million-$5 million,"Financial challenges, prior 12 months","Increased costs of goods, services, and/or wages",82%,1862
$1 million-$5 million,"Financial challenges, prior 12 months",Uneven cash flow,53%,1862
$1 million-$5 million,"Financial challenges, prior 12 months",Paying operating expenses,48%,1862
$1 million-$5 million,"Financial challenges, prior 12 months",Weak sales,47%,1862
$1 million-$5 million,"Financial challenges, prior 12 months",Making payments on debt/interest rates,30%,1862
$1 million-$5 million,"Financial challenges, prior 12 months",Credit availability,24%,1862
$1 million-$5 million,"Financial challenges, prior 12 months",Did not experience any financial challenges,7%,1862
$1 million-$5 million,"Financial challenges, prior 12 months",Other,0%,1862
"$25,001-$50,000",Financial services provider,Small bank,45%,284
"$25,001-$50,000",Financial services provider,Large bank,39%,284
"$25,001-$50,000",Financial services provider,Financial company that is not a bank,24%,284
"$25,001-$50,000",Financial services provider,Credit union,13%,284
"$25,001-$50,000",Financial services provider,"None, business does not use financial services",5%,284
"$25,001-$50,000",Financial services provider,Other financial services provider,3%,284
"$0-$25,000",Financial services provider,Large bank,44%,361
"$0-$25,000",Financial services provider,Small bank,28%,361
"$0-$25,000",Financial services provider,Credit union,28%,361
"$0-$25,000",Financial services provider,Financial company that is not a bank,27%,361
"$0-$25,000",Financial services provider,"None, business does not use financial services",9%,361
"$0-$25,000",Financial services provider,Other financial services provider,3%,361
$5 million-$10 million,Financial services provider,Small bank,55%,368
$5 million-$10 million,Financial services provider,Large bank,54%,368
$5 million-$10 million,Financial services provider,Financial company that is not a bank,20%,368
$5 million-$10 million,Financial services provider,Credit union,9%,368
$5 million-$10 million,Financial services provider,Other financial services provider,2%,368
$5 million-$10 million,Financial services provider,"None, business does not use financial services",1%,368
More than $10 million,Financial services provider,Large bank,63%,411
More than $10 million,Financial services provider,Small bank,53%,411
More than $10 million,Financial services provider,Financial company that is not a bank,21%,411
More than $10 million,Financial services provider,Credit union,8%,411
More than $10 million,Financial services provider,Other financial services provider,1%,411
More than $10 million,Financial services provider,"None, business does not use financial services",0%,411
"$50,001-$100,000",Financial services provider,Large bank,51%,539
"$50,001-$100,000",Financial services provider,Small bank,40%,539
"$50,001-$100,000",Financial services provider,Financial company that is not a bank,22%,539
"$50,001-$100,000",Financial services provider,Credit union,20%,539
"$50,001-$100,000",Financial services provider,"None, business does not use financial services",6%,539
"$50,001-$100,000",Financial services provider,Other financial services provider,3%,539
"$100,001-$250,000",Financial services provider,Large bank,52%,1073
"$100,001-$250,000",Financial services provider,Small bank,40%,1073
"$100,001-$250,000",Financial services provider,Financial company that is not a bank,23%,1073
"$100,001-$250,000",Financial services provider,Credit union,17%,1073
"$100,001-$250,000",Financial services provider,"None, business does not use financial services",4%,1073
"$100,001-$250,000",Financial services provider,Other financial services provider,3%,1073
"$250,001-$500,000",Financial services provider,Large bank,49%,1249
"$250,001-$500,000",Financial services provider,Small bank,43%,1249
"$250,001-$500,000",Financial services provider,Financial company that is not a bank,26%,1249
"$250,001-$500,000",Financial services provider,Credit union,17%,1249
"$250,001-$500,000",Financial services provider,Other financial services provider,3%,1249
"$250,001-$500,000",Financial services provider,"None, business does not use financial services",3%,1249
"$500,001-$1 million",Financial services provider,Large bank,55%,1341
"$500,001-$1 million",Financial services provider,Small bank,46%,1341
"$500,001-$1 million",Financial services provider,Financial company that is not a bank,29%,1341
"$500,001-$1 million",Financial services provider,Credit union,11%,1341
"$500,001-$1 million",Financial services provider,Other financial services provider,3%,1341
"$500,001-$1 million",Financial services provider,"None, business does not use financial services",2%,1341
$1 million-$5 million,Financial services provider,Large bank,59%,1866
$1 million-$5 million,Financial services provider,Small bank,47%,1866
$1 million-$5 million,Financial services provider,Financial company that is not a bank,28%,1866
$1 million-$5 million,Financial services provider,Credit union,10%,1866
$1 million-$5 million,Financial services provider,Other financial services provider,3%,1866
$1 million-$5 million,Financial services provider,"None, business does not use financial services",2%,1866
"$25,001-$50,000",Financing products regularly used,Credit card,58%,284
"$25,001-$50,000",Financing products regularly used,Loan,41%,284
"$25,001-$50,000",Financing products regularly used,Line of credit,19%,284
"$25,001-$50,000",Financing products regularly used,Business does not use external financing,16%,284
"$25,001-$50,000",Financing products regularly used,Lease,9%,284
"$25,001-$50,000",Financing products regularly used,Trade credit,8%,284
"$25,001-$50,000",Financing products regularly used,Merchant cash advance,4%,284
"$25,001-$50,000",Financing products regularly used,Factoring,1%,284
"$25,001-$50,000",Financing products regularly used,Other,0%,284
"$0-$25,000",Financing products regularly used,Credit card,51%,361
"$0-$25,000",Financing products regularly used,Loan,33%,361
"$0-$25,000",Financing products regularly used,Business does not use external financing,24%,361
"$0-$25,000",Financing products regularly used,Line of credit,22%,361
"$0-$25,000",Financing products regularly used,Lease,10%,361
"$0-$25,000",Financing products regularly used,Trade credit,6%,361
"$0-$25,000",Financing products regularly used,Factoring,3%,361
"$0-$25,000",Financing products regularly used,Merchant cash advance,1%,361
"$0-$25,000",Financing products regularly used,Other,0%,361
$5 million-$10 million,Financing products regularly used,Loan,52%,368
$5 million-$10 million,Financing products regularly used,Credit card,51%,368
$5 million-$10 million,Financing products regularly used,Line of credit,49%,368
$5 million-$10 million,Financing products regularly used,Trade credit,29%,368
$5 million-$10 million,Financing products regularly used,Lease,16%,368
$5 million-$10 million,Financing products regularly used,Business does not use external financing,12%,368
$5 million-$10 million,Financing products regularly used,Merchant cash advance,7%,368
$5 million-$10 million,Financing products regularly used,Factoring,2%,368
$5 million-$10 million,Financing products regularly used,Other,0%,368
More than $10 million,Financing products regularly used,Line of credit,63%,412
More than $10 million,Financing products regularly used,Loan,56%,412
More than $10 million,Financing products regularly used,Credit card,48%,412
More than $10 million,Financing products regularly used,Lease,27%,412
More than $10 million,Financing products regularly used,Trade credit,26%,412
More than $10 million,Financing products regularly used,Business does not use external financing,9%,412
More than $10 million,Financing products regularly used,Merchant cash advance,4%,412
More than $10 million,Financing products regularly used,Factoring,3%,412
More than $10 million,Financing products regularly used,Other,1%,412
"$50,001-$100,000",Financing products regularly used,Credit card,56%,539
"$50,001-$100,000",Financing products regularly used,Loan,51%,539
"$50,001-$100,000",Financing products regularly used,Line of credit,23%,539
"$50,001-$100,000",Financing products regularly used,Business does not use external financing,13%,539
"$50,001-$100,000",Financing products regularly used,Lease,11%,539
"$50,001-$100,000",Financing products regularly used,Trade credit,8%,539
"$50,001-$100,000",Financing products regularly used,Merchant cash advance,3%,539
"$50,001-$100,000",Financing products regularly used,Factoring,2%,539
"$50,001-$100,000",Financing products regularly used,Other,1%,539
"$100,001-$250,000",Financing products regularly used,Credit card,61%,1075
"$100,001-$250,000",Financing products regularly used,Loan,46%,1075
"$100,001-$250,000",Financing products regularly used,Line of credit,31%,1075
"$100,001-$250,000",Financing products regularly used,Business does not use external financing,13%,1075
"$100,001-$250,000",Financing products regularly used,Lease,10%,1075
"$100,001-$250,000",Financing products regularly used,Trade credit,7%,1075
"$100,001-$250,000",Financing products regularly used,Merchant cash advance,6%,1075
"$100,001-$250,000",Financing products regularly used,Factoring,1%,1075
"$100,001-$250,000",Financing products regularly used,Other,0%,1075
"$250,001-$500,000",Financing products regularly used,Credit card,60%,1249
"$250,001-$500,000",Financing products regularly used,Loan,52%,1249
"$250,001-$500,000",Financing products regularly used,Line of credit,28%,1249
"$250,001-$500,000",Financing products regularly used,Trade credit,11%,1249
"$250,001-$500,000",Financing products regularly used,Lease,11%,1249
"$250,001-$500,000",Financing products regularly used,Business does not use external financing,10%,1249
"$250,001-$500,000",Financing products regularly used,Merchant cash advance,6%,1249
"$250,001-$500,000",Financing products regularly used,Factoring,2%,1249
"$250,001-$500,000",Financing products regularly used,Other,1%,1249
"$500,001-$1 million",Financing products regularly used,Credit card,60%,1342
"$500,001-$1 million",Financing products regularly used,Loan,51%,1342
"$500,001-$1 million",Financing products regularly used,Line of credit,37%,1342
"$500,001-$1 million",Financing products regularly used,Trade credit,17%,1342
"$500,001-$1 million",Financing products regularly used,Lease,15%,1342
"$500,001-$1 million",Financing products regularly used,Business does not use external financing,9%,1342
"$500,001-$1 million",Financing products regularly used,Merchant cash advance,8%,1342
"$500,001-$1 million",Financing products regularly used,Factoring,2%,1342
"$500,001-$1 million",Financing products regularly used,Other,0%,1342
$1 million-$5 million,Financing products regularly used,Credit card,61%,1867
$1 million-$5 million,Financing products regularly used,Loan,57%,1867
$1 million-$5 million,Financing products regularly used,Line of credit,43%,1867
$1 million-$5 million,Financing products regularly used,Trade credit,21%,1867
$1 million-$5 million,Financing products regularly used,Lease,15%,1867
$1 million-$5 million,Financing products regularly used,Business does not use external financing,9%,1867
$1 million-$5 million,Financing products regularly used,Merchant cash advance,6%,1867
$1 million-$5 million,Financing products regularly used,Factoring,2%,1867
$1 million-$5 million,Financing products regularly used,Other,0%,1867
"$25,001-$50,000",Gender of owner(s),Men-owned,45%,284
"$25,001-$50,000",Gender of owner(s),Women-owned,40%,284
"$25,001-$50,000",Gender of owner(s),Equally owned,15%,284
"$0-$25,000",Gender of owner(s),Men-owned,55%,361
"$0-$25,000",Gender of owner(s),Women-owned,36%,361
"$0-$25,000",Gender of owner(s),Equally owned,9%,361
$5 million-$10 million,Gender of owner(s),Men-owned,83%,368
$5 million-$10 million,Gender of owner(s),Women-owned,9%,368
$5 million-$10 million,Gender of owner(s),Equally owned,8%,368
More than $10 million,Gender of owner(s),Men-owned,87%,412
More than $10 million,Gender of owner(s),Women-owned,9%,412
More than $10 million,Gender of owner(s),Equally owned,5%,412
"$50,001-$100,000",Gender of owner(s),Men-owned,57%,539
"$50,001-$100,000",Gender of owner(s),Women-owned,37%,539
"$50,001-$100,000",Gender of owner(s),Equally owned,6%,539
"$100,001-$250,000",Gender of owner(s),Men-owned,61%,1075
"$100,001-$250,000",Gender of owner(s),Women-owned,26%,1075
"$100,001-$250,000",Gender of owner(s),Equally owned,13%,1075
"$250,001-$500,000",Gender of owner(s),Men-owned,62%,1249
"$250,001-$500,000",Gender of owner(s),Women-owned,21%,1249
"$250,001-$500,000",Gender of owner(s),Equally owned,17%,1249
"$500,001-$1 million",Gender of owner(s),Men-owned,64%,1342
"$500,001-$1 million",Gender of owner(s),Women-owned,20%,1342
"$500,001-$1 million",Gender of owner(s),Equally owned,16%,1342
$1 million-$5 million,Gender of owner(s),Men-owned,75%,1867
$1 million-$5 million,Gender of owner(s),Women-owned,13%,1867
$1 million-$5 million,Gender of owner(s),Equally owned,12%,1867
"$25,001-$50,000",Geography,Urban,85%,284
"$25,001-$50,000",Geography,Rural,15%,284
"$0-$25,000",Geography,Urban,86%,361
"$0-$25,000",Geography,Rural,14%,361
$5 million-$10 million,Geography,Urban,87%,368
$5 million-$10 million,Geography,Rural,13%,368
More than $10 million,Geography,Urban,89%,412
More than $10 million,Geography,Rural,11%,412
"$50,001-$100,000",Geography,Urban,84%,539
"$50,001-$100,000",Geography,Rural,16%,539
"$100,001-$250,000",Geography,Urban,82%,1075
"$100,001-$250,000",Geography,Rural,18%,1075
"$250,001-$500,000",Geography,Urban,83%,1249
"$250,001-$500,000",Geography,Rural,17%,1249
"$500,001-$1 million",Geography,Urban,84%,1342
"$500,001-$1 million",Geography,Rural,16%,1342
$1 million-$5 million,Geography,Urban,89%,1867
$1 million-$5 million,Geography,Rural,11%,1867
"$25,001-$50,000",Immigrant ownership,Not majority owned by immigrant(s),80%,236
"$25,001-$50,000",Immigrant ownership,Majority-owned by immigrant(s),20%,236
"$0-$25,000",Immigrant ownership,Not majority owned by immigrant(s),82%,302
"$0-$25,000",Immigrant ownership,Majority-owned by immigrant(s),18%,302
$5 million-$10 million,Immigrant ownership,Not majority owned by immigrant(s),91%,334
$5 million-$10 million,Immigrant ownership,Majority-owned by immigrant(s),9%,334
More than $10 million,Immigrant ownership,Not majority owned by immigrant(s),94%,368
More than $10 million,Immigrant ownership,Majority-owned by immigrant(s),6%,368
"$50,001-$100,000",Immigrant ownership,Not majority owned by immigrant(s),76%,446
"$50,001-$100,000",Immigrant ownership,Majority-owned by immigrant(s),24%,446
"$100,001-$250,000",Immigrant ownership,Not majority owned by immigrant(s),88%,921
"$100,001-$250,000",Immigrant ownership,Majority-owned by immigrant(s),12%,921
"$250,001-$500,000",Immigrant ownership,Not majority owned by immigrant(s),85%,1089
"$250,001-$500,000",Immigrant ownership,Majority-owned by immigrant(s),15%,1089
"$500,001-$1 million",Immigrant ownership,Not majority owned by immigrant(s),87%,1189
"$500,001-$1 million",Immigrant ownership,Majority-owned by immigrant(s),13%,1189
$1 million-$5 million,Immigrant ownership,Not majority owned by immigrant(s),88%,1664
$1 million-$5 million,Immigrant ownership,Majority-owned by immigrant(s),12%,1664
"$25,001-$50,000",Industry,Business support and consumer services,23%,284
"$25,001-$50,000",Industry,Healthcare and education,18%,284
"$25,001-$50,000",Industry,Professional services and real estate,15%,284
"$25,001-$50,000",Industry,Leisure and hospitality,13%,284
"$25,001-$50,000",Industry,Non-manufacturing goods production & associated services,12%,284
"$25,001-$50,000",Industry,Retail,9%,284
"$25,001-$50,000",Industry,Finance and insurance,6%,284
"$25,001-$50,000",Industry,Manufacturing,3%,284
"$0-$25,000",Industry,Professional services and real estate,24%,361
"$0-$25,000",Industry,Business support and consumer services,18%,361
"$0-$25,000",Industry,Healthcare and education,17%,361
"$0-$25,000",Industry,Leisure and hospitality,15%,361
"$0-$25,000",Industry,Non-manufacturing goods production & associated services,11%,361
"$0-$25,000",Industry,Retail,8%,361
"$0-$25,000",Industry,Manufacturing,4%,361
"$0-$25,000",Industry,Finance and insurance,3%,361
$5 million-$10 million,Industry,Non-manufacturing goods production & associated services,36%,368
$5 million-$10 million,Industry,Professional services and real estate,22%,368
$5 million-$10 million,Industry,Retail,13%,368
$5 million-$10 million,Industry,Business support and consumer services,10%,368
$5 million-$10 million,Industry,Finance and insurance,8%,368
$5 million-$10 million,Industry,Manufacturing,5%,368
$5 million-$10 million,Industry,Healthcare and education,4%,368
$5 million-$10 million,Industry,Leisure and hospitality,3%,368
More than $10 million,Industry,Non-manufacturing goods production & associated services,45%,412
More than $10 million,Industry,Professional services and real estate,18%,412
More than $10 million,Industry,Retail,12%,412
More than $10 million,Industry,Business support and consumer services,8%,412
More than $10 million,Industry,Manufacturing,6%,412
More than $10 million,Industry,Leisure and hospitality,5%,412
More than $10 million,Industry,Finance and insurance,4%,412
More than $10 million,Industry,Healthcare and education,2%,412
"$50,001-$100,000",Industry,Business support and consumer services,18%,539
"$50,001-$100,000",Industry,Professional services and real estate,18%,539
"$50,001-$100,000",Industry,Non-manufacturing goods production & associated services,17%,539
"$50,001-$100,000",Industry,Healthcare and education,17%,539
"$50,001-$100,000",Industry,Leisure and hospitality,10%,539
"$50,001-$100,000",Industry,Finance and insurance,10%,539
"$50,001-$100,000",Industry,Retail,9%,539
"$50,001-$100,000",Industry,Manufacturing,2%,539
"$100,001-$250,000",Industry,Professional services and real estate,18%,1075
"$100,001-$250,000",Industry,Business support and consumer services,17%,1075
"$100,001-$250,000",Industry,Healthcare and education,14%,1075
"$100,001-$250,000",Industry,Leisure and hospitality,14%,1075
"$100,001-$250,000",Industry,Non-manufacturing goods production & associated services,14%,1075
"$100,001-$250,000",Industry,Retail,13%,1075
"$100,001-$250,000",Industry,Finance and insurance,9%,1075
"$100,001-$250,000",Industry,Manufacturing,3%,1075
"$250,001-$500,000",Industry,Professional services and real estate,21%,1249
"$250,001-$500,000",Industry,Healthcare and education,18%,1249
"$250,001-$500,000",Industry,Business support and consumer services,14%,1249
"$250,001-$500,000",Industry,Non-manufacturing goods production & associated services,13%,1249
"$250,001-$500,000",Industry,Retail,13%,1249
"$250,001-$500,000",Industry,Leisure and hospitality,12%,1249
"$250,001-$500,000",Industry,Finance and insurance,6%,1249
"$250,001-$500,000",Industry,Manufacturing,3%,1249
"$500,001-$1 million",Industry,Professional services and real estate,19%,1342
"$500,001-$1 million",Industry,Non-manufacturing goods production & associated services,17%,1342
"$500,001-$1 million",Industry,Retail,16%,1342
"$500,001-$1 million",Industry,Business support and consumer services,15%,1342
"$500,001-$1 million",Industry,Leisure and hospitality,13%,1342
"$500,001-$1 million",Industry,Healthcare and education,12%,1342
"$500,001-$1 million",Industry,Finance and insurance,5%,1342
"$500,001-$1 million",Industry,Manufacturing,3%,1342
$1 million-$5 million,Industry,Professional services and real estate,24%,1867
$1 million-$5 million,Industry,Non-manufacturing goods production & associated services,23%,1867
$1 million-$5 million,Industry,Retail,14%,1867
$1 million-$5 million,Industry,Business support and consumer services,12%,1867
$1 million-$5 million,Industry,Leisure and hospitality,10%,1867
$1 million-$5 million,Industry,Healthcare and education,9%,1867
$1 million-$5 million,Industry,Finance and insurance,4%,1867
$1 million-$5 million,Industry,Manufacturing,4%,1867
"$25,001-$50,000",Insurance-related challenges,"Cost (e.g., high premiums, deductibles)",66%,207
"$25,001-$50,000",Insurance-related challenges,Did not experience insurance-related challenges,29%,207
"$25,001-$50,000",Insurance-related challenges,Policies are too complicated/confusing,18%,207
"$25,001-$50,000",Insurance-related challenges,Limitations on coverage (including denied claims),14%,207
"$25,001-$50,000",Insurance-related challenges,Poor service from insurance companies,11%,207
"$25,001-$50,000",Insurance-related challenges,Brokers don't understand my business,9%,207
"$25,001-$50,000",Insurance-related challenges,Insurers not offering/stopped offering coverage,8%,207
"$25,001-$50,000",Insurance-related challenges,Other,0%,207
"$0-$25,000",Insurance-related challenges,"Cost (e.g., high premiums, deductibles)",52%,266
"$0-$25,000",Insurance-related challenges,Did not experience insurance-related challenges,38%,266
"$0-$25,000",Insurance-related challenges,Policies are too complicated/confusing,22%,266
"$0-$25,000",Insurance-related challenges,Brokers don't understand my business,12%,266
"$0-$25,000",Insurance-related challenges,Poor service from insurance companies,6%,266
"$0-$25,000",Insurance-related challenges,Limitations on coverage (including denied claims),5%,266
"$0-$25,000",Insurance-related challenges,Insurers not offering/stopped offering coverage,4%,266
"$0-$25,000",Insurance-related challenges,Other,0%,266
$5 million-$10 million,Insurance-related challenges,"Cost (e.g., high premiums, deductibles)",82%,297
$5 million-$10 million,Insurance-related challenges,Policies are too complicated/confusing,32%,297
$5 million-$10 million,Insurance-related challenges,Insurers not offering/stopped offering coverage,23%,297
$5 million-$10 million,Insurance-related challenges,Limitations on coverage (including denied claims),21%,297
$5 million-$10 million,Insurance-related challenges,Did not experience insurance-related challenges,16%,297
$5 million-$10 million,Insurance-related challenges,Brokers don't understand my business,14%,297
$5 million-$10 million,Insurance-related challenges,Poor service from insurance companies,13%,297
$5 million-$10 million,Insurance-related challenges,Other,0%,297
More than $10 million,Insurance-related challenges,"Cost (e.g., high premiums, deductibles)",76%,333
More than $10 million,Insurance-related challenges,Policies are too complicated/confusing,25%,333
More than $10 million,Insurance-related challenges,Insurers not offering/stopped offering coverage,23%,333
More than $10 million,Insurance-related challenges,Limitations on coverage (including denied claims),21%,333
More than $10 million,Insurance-related challenges,Did not experience insurance-related challenges,18%,333
More than $10 million,Insurance-related challenges,Poor service from insurance companies,16%,333
More than $10 million,Insurance-related challenges,Brokers don't understand my business,8%,333
More than $10 million,Insurance-related challenges,Other,1%,333
"$50,001-$100,000",Insurance-related challenges,"Cost (e.g., high premiums, deductibles)",59%,410
"$50,001-$100,000",Insurance-related challenges,Did not experience insurance-related challenges,33%,410
"$50,001-$100,000",Insurance-related challenges,Policies are too complicated/confusing,23%,410
"$50,001-$100,000",Insurance-related challenges,Limitations on coverage (including denied claims),12%,410
"$50,001-$100,000",Insurance-related challenges,Brokers don't understand my business,12%,410
"$50,001-$100,000",Insurance-related challenges,Insurers not offering/stopped offering coverage,11%,410
"$50,001-$100,000",Insurance-related challenges,Poor service from insurance companies,10%,410
"$50,001-$100,000",Insurance-related challenges,Other,0%,410
"$100,001-$250,000",Insurance-related challenges,"Cost (e.g., high premiums, deductibles)",69%,857
"$100,001-$250,000",Insurance-related challenges,Policies are too complicated/confusing,31%,857
"$100,001-$250,000",Insurance-related challenges,Did not experience insurance-related challenges,21%,857
"$100,001-$250,000",Insurance-related challenges,Limitations on coverage (including denied claims),17%,857
"$100,001-$250,000",Insurance-related challenges,Poor service from insurance companies,15%,857
"$100,001-$250,000",Insurance-related challenges,Insurers not offering/stopped offering coverage,12%,857
"$100,001-$250,000",Insurance-related challenges,Brokers don't understand my business,11%,857
"$100,001-$250,000",Insurance-related challenges,Other,0%,857
"$250,001-$500,000",Insurance-related challenges,"Cost (e.g., high premiums, deductibles)",74%,1025
"$250,001-$500,000",Insurance-related challenges,Policies are too complicated/confusing,30%,1025
"$250,001-$500,000",Insurance-related challenges,Did not experience insurance-related challenges,21%,1025
"$250,001-$500,000",Insurance-related challenges,Limitations on coverage (including denied claims),17%,1025
"$250,001-$500,000",Insurance-related challenges,Poor service from insurance companies,16%,1025
"$250,001-$500,000",Insurance-related challenges,Insurers not offering/stopped offering coverage,15%,1025
"$250,001-$500,000",Insurance-related challenges,Brokers don't understand my business,12%,1025
"$250,001-$500,000",Insurance-related challenges,Other,0%,1025
"$500,001-$1 million",Insurance-related challenges,"Cost (e.g., high premiums, deductibles)",72%,1091
"$500,001-$1 million",Insurance-related challenges,Policies are too complicated/confusing,30%,1091
"$500,001-$1 million",Insurance-related challenges,Did not experience insurance-related challenges,21%,1091
"$500,001-$1 million",Insurance-related challenges,Poor service from insurance companies,17%,1091
"$500,001-$1 million",Insurance-related challenges,Limitations on coverage (including denied claims),16%,1091
"$500,001-$1 million",Insurance-related challenges,Insurers not offering/stopped offering coverage,16%,1091
"$500,001-$1 million",Insurance-related challenges,Brokers don't understand my business,11%,1091
"$500,001-$1 million",Insurance-related challenges,Other,0%,1091
$1 million-$5 million,Insurance-related challenges,"Cost (e.g., high premiums, deductibles)",75%,1562
$1 million-$5 million,Insurance-related challenges,Policies are too complicated/confusing,34%,1562
$1 million-$5 million,Insurance-related challenges,Limitations on coverage (including denied claims),19%,1562
$1 million-$5 million,Insurance-related challenges,Did not experience insurance-related challenges,17%,1562
$1 million-$5 million,Insurance-related challenges,Insurers not offering/stopped offering coverage,17%,1562
$1 million-$5 million,Insurance-related challenges,Poor service from insurance companies,16%,1562
$1 million-$5 million,Insurance-related challenges,Brokers don't understand my business,11%,1562
$1 million-$5 million,Insurance-related challenges,Other,1%,1562
"$25,001-$50,000",LGBTQ ownership,Not majority-owned by LGBTQ owner(s),97%,221
"$25,001-$50,000",LGBTQ ownership,Majority-owned by LGBTQ owner(s),3%,221
"$0-$25,000",LGBTQ ownership,Not majority-owned by LGBTQ owner(s),96%,286
"$0-$25,000",LGBTQ ownership,Majority-owned by LGBTQ owner(s),4%,286
$5 million-$10 million,LGBTQ ownership,Not majority-owned by LGBTQ owner(s),97%,327
$5 million-$10 million,LGBTQ ownership,Majority-owned by LGBTQ owner(s),3%,327
More than $10 million,LGBTQ ownership,Not majority-owned by LGBTQ owner(s),100%,353
More than $10 million,LGBTQ ownership,Majority-owned by LGBTQ owner(s),0%,353
"$50,001-$100,000",LGBTQ ownership,Not majority-owned by LGBTQ owner(s),95%,430
"$50,001-$100,000",LGBTQ ownership,Majority-owned by LGBTQ owner(s),5%,430
"$100,001-$250,000",LGBTQ ownership,Not majority-owned by LGBTQ owner(s),91%,887
"$100,001-$250,000",LGBTQ ownership,Majority-owned by LGBTQ owner(s),9%,887
"$250,001-$500,000",LGBTQ ownership,Not majority-owned by LGBTQ owner(s),97%,1061
"$250,001-$500,000",LGBTQ ownership,Majority-owned by LGBTQ owner(s),3%,1061
"$500,001-$1 million",LGBTQ ownership,Not majority-owned by LGBTQ owner(s),96%,1145
"$500,001-$1 million",LGBTQ ownership,Majority-owned by LGBTQ owner(s),4%,1145
$1 million-$5 million,LGBTQ ownership,Not majority-owned by LGBTQ owner(s),97%,1625
$1 million-$5 million,LGBTQ ownership,Majority-owned by LGBTQ owner(s),3%,1625
"$25,001-$50,000",Loan/LOC/merchant cash advance products applied for,Business loan,45%,101
"$25,001-$50,000",Loan/LOC/merchant cash advance products applied for,Line of credit,29%,101
"$25,001-$50,000",Loan/LOC/merchant cash advance products applied for,SBA loan,23%,101
"$25,001-$50,000",Loan/LOC/merchant cash advance products applied for,Home equity loan or line of credit,19%,101
"$25,001-$50,000",Loan/LOC/merchant cash advance products applied for,Autoequip,13%,101
"$25,001-$50,000",Loan/LOC/merchant cash advance products applied for,Personal loan,9%,101
"$25,001-$50,000",Loan/LOC/merchant cash advance products applied for,Other product,5%,101
"$25,001-$50,000",Loan/LOC/merchant cash advance products applied for,Mortgage/real estate loan,2%,101
"$25,001-$50,000",Loan/LOC/merchant cash advance products applied for,Merchant cash advance,2%,101
"$0-$25,000",Loan/LOC/merchant cash advance products applied for,SBA loan,39%,133
"$0-$25,000",Loan/LOC/merchant cash advance products applied for,Line of credit,36%,133
"$0-$25,000",Loan/LOC/merchant cash advance products applied for,Business loan,33%,133
"$0-$25,000",Loan/LOC/merchant cash advance products applied for,Home equity loan or line of credit,10%,133
"$0-$25,000",Loan/LOC/merchant cash advance products applied for,Personal loan,7%,133
"$0-$25,000",Loan/LOC/merchant cash advance products applied for,Autoequip,1%,133
"$0-$25,000",Loan/LOC/merchant cash advance products applied for,Merchant cash advance,0%,133
"$0-$25,000",Loan/LOC/merchant cash advance products applied for,Other product,0%,133
"$0-$25,000",Loan/LOC/merchant cash advance products applied for,Mortgage/real estate loan,0%,133
$5 million-$10 million,Loan/LOC/merchant cash advance products applied for,Line of credit,55%,165
$5 million-$10 million,Loan/LOC/merchant cash advance products applied for,Business loan,22%,165
$5 million-$10 million,Loan/LOC/merchant cash advance products applied for,Autoequip,20%,165
$5 million-$10 million,Loan/LOC/merchant cash advance products applied for,SBA loan,12%,165
$5 million-$10 million,Loan/LOC/merchant cash advance products applied for,Mortgage/real estate loan,9%,165
$5 million-$10 million,Loan/LOC/merchant cash advance products applied for,Home equity loan or line of credit,8%,165
$5 million-$10 million,Loan/LOC/merchant cash advance products applied for,Merchant cash advance,7%,165
$5 million-$10 million,Loan/LOC/merchant cash advance products applied for,Personal loan,1%,165
$5 million-$10 million,Loan/LOC/merchant cash advance products applied for,Other product,0%,165
More than $10 million,Loan/LOC/merchant cash advance products applied for,Line of credit,54%,186
More than $10 million,Loan/LOC/merchant cash advance products applied for,Business loan,27%,186
More than $10 million,Loan/LOC/merchant cash advance products applied for,Autoequip,24%,186
More than $10 million,Loan/LOC/merchant cash advance products applied for,Mortgage/real estate loan,19%,186
More than $10 million,Loan/LOC/merchant cash advance products applied for,SBA loan,7%,186
More than $10 million,Loan/LOC/merchant cash advance products applied for,Merchant cash advance,3%,186
More than $10 million,Loan/LOC/merchant cash advance products applied for,Home equity loan or line of credit,2%,186
More than $10 million,Loan/LOC/merchant cash advance products applied for,Personal loan,1%,186
More than $10 million,Loan/LOC/merchant cash advance products applied for,Other product,0%,186
"$50,001-$100,000",Loan/LOC/merchant cash advance products applied for,Business loan,33%,212
"$50,001-$100,000",Loan/LOC/merchant cash advance products applied for,SBA loan,27%,212
"$50,001-$100,000",Loan/LOC/merchant cash advance products applied for,Line of credit,24%,212
"$50,001-$100,000",Loan/LOC/merchant cash advance products applied for,Personal loan,17%,212
"$50,001-$100,000",Loan/LOC/merchant cash advance products applied for,Autoequip,12%,212
"$50,001-$100,000",Loan/LOC/merchant cash advance products applied for,Home equity loan or line of credit,8%,212
"$50,001-$100,000",Loan/LOC/merchant cash advance products applied for,Merchant cash advance,4%,212
"$50,001-$100,000",Loan/LOC/merchant cash advance products applied for,Mortgage/real estate loan,3%,212
"$50,001-$100,000",Loan/LOC/merchant cash advance products applied for,Other product,0%,212
"$100,001-$250,000",Loan/LOC/merchant cash advance products applied for,Line of credit,44%,398
"$100,001-$250,000",Loan/LOC/merchant cash advance products applied for,Business loan,36%,398
"$100,001-$250,000",Loan/LOC/merchant cash advance products applied for,SBA loan,24%,398
"$100,001-$250,000",Loan/LOC/merchant cash advance products applied for,Merchant cash advance,16%,398
"$100,001-$250,000",Loan/LOC/merchant cash advance products applied for,Personal loan,7%,398
"$100,001-$250,000",Loan/LOC/merchant cash advance products applied for,Autoequip,7%,398
"$100,001-$250,000",Loan/LOC/merchant cash advance products applied for,Home equity loan or line of credit,5%,398
"$100,001-$250,000",Loan/LOC/merchant cash advance products applied for,Mortgage/real estate loan,3%,398
"$100,001-$250,000",Loan/LOC/merchant cash advance products applied for,Other product,0%,398
"$250,001-$500,000",Loan/LOC/merchant cash advance products applied for,Business loan,36%,458
"$250,001-$500,000",Loan/LOC/merchant cash advance products applied for,Line of credit,32%,458
"$250,001-$500,000",Loan/LOC/merchant cash advance products applied for,SBA loan,17%,458
"$250,001-$500,000",Loan/LOC/merchant cash advance products applied for,Merchant cash advance,11%,458
"$250,001-$500,000",Loan/LOC/merchant cash advance products applied for,Personal loan,10%,458
"$250,001-$500,000",Loan/LOC/merchant cash advance products applied for,Autoequip,10%,458
"$250,001-$500,000",Loan/LOC/merchant cash advance products applied for,Home equity loan or line of credit,9%,458
"$250,001-$500,000",Loan/LOC/merchant cash advance products applied for,Mortgage/real estate loan,8%,458
"$250,001-$500,000",Loan/LOC/merchant cash advance products applied for,Other product,0%,458
"$500,001-$1 million",Loan/LOC/merchant cash advance products applied for,Line of credit,43%,500
"$500,001-$1 million",Loan/LOC/merchant cash advance products applied for,Business loan,31%,500
"$500,001-$1 million",Loan/LOC/merchant cash advance products applied for,SBA loan,17%,500
"$500,001-$1 million",Loan/LOC/merchant cash advance products applied for,Autoequip,13%,500
"$500,001-$1 million",Loan/LOC/merchant cash advance products applied for,Merchant cash advance,12%,500
"$500,001-$1 million",Loan/LOC/merchant cash advance products applied for,Mortgage/real estate loan,6%,500
"$500,001-$1 million",Loan/LOC/merchant cash advance products applied for,Home equity loan or line of credit,4%,500
"$500,001-$1 million",Loan/LOC/merchant cash advance products applied for,Personal loan,4%,500
"$500,001-$1 million",Loan/LOC/merchant cash advance products applied for,Other product,0%,500
$1 million-$5 million,Loan/LOC/merchant cash advance products applied for,Line of credit,45%,722
$1 million-$5 million,Loan/LOC/merchant cash advance products applied for,Business loan,30%,722
$1 million-$5 million,Loan/LOC/merchant cash advance products applied for,SBA loan,16%,722
$1 million-$5 million,Loan/LOC/merchant cash advance products applied for,Autoequip,13%,722
$1 million-$5 million,Loan/LOC/merchant cash advance products applied for,Mortgage/real estate loan,11%,722
$1 million-$5 million,Loan/LOC/merchant cash advance products applied for,Merchant cash advance,9%,722
$1 million-$5 million,Loan/LOC/merchant cash advance products applied for,Home equity loan or line of credit,7%,722
$1 million-$5 million,Loan/LOC/merchant cash advance products applied for,Personal loan,5%,722
$1 million-$5 million,Loan/LOC/merchant cash advance products applied for,Other product,0%,722
"$25,001-$50,000",Loan/LOC/merchant cash advance source applied to,Large bank,40%,98
"$25,001-$50,000",Loan/LOC/merchant cash advance source applied to,Online lender,18%,98
"$25,001-$50,000",Loan/LOC/merchant cash advance source applied to,Other lender,17%,98
"$25,001-$50,000",Loan/LOC/merchant cash advance source applied to,Small bank,17%,98
"$25,001-$50,000",Loan/LOC/merchant cash advance source applied to,Finance company,16%,98
"$25,001-$50,000",Loan/LOC/merchant cash advance source applied to,CDFI,16%,98
"$25,001-$50,000",Loan/LOC/merchant cash advance source applied to,Credit union,11%,98
"$0-$25,000",Loan/LOC/merchant cash advance source applied to,Large bank,40%,126
"$0-$25,000",Loan/LOC/merchant cash advance source applied to,CDFI,22%,126
"$0-$25,000",Loan/LOC/merchant cash advance source applied to,Small bank,19%,126
"$0-$25,000",Loan/LOC/merchant cash advance source applied to,Online lender,16%,126
"$0-$25,000",Loan/LOC/merchant cash advance source applied to,Other lender,16%,126
"$0-$25,000",Loan/LOC/merchant cash advance source applied to,Finance company,11%,126
"$0-$25,000",Loan/LOC/merchant cash advance source applied to,Credit union,11%,126
$5 million-$10 million,Loan/LOC/merchant cash advance source applied to,Large bank,48%,163
$5 million-$10 million,Loan/LOC/merchant cash advance source applied to,Small bank,41%,163
$5 million-$10 million,Loan/LOC/merchant cash advance source applied to,Finance company,14%,163
$5 million-$10 million,Loan/LOC/merchant cash advance source applied to,Online lender,13%,163
$5 million-$10 million,Loan/LOC/merchant cash advance source applied to,Credit union,8%,163
$5 million-$10 million,Loan/LOC/merchant cash advance source applied to,Other lender,1%,163
$5 million-$10 million,Loan/LOC/merchant cash advance source applied to,CDFI,0%,163
More than $10 million,Loan/LOC/merchant cash advance source applied to,Large bank,47%,186
More than $10 million,Loan/LOC/merchant cash advance source applied to,Small bank,47%,186
More than $10 million,Loan/LOC/merchant cash advance source applied to,Finance company,13%,186
More than $10 million,Loan/LOC/merchant cash advance source applied to,Credit union,5%,186
More than $10 million,Loan/LOC/merchant cash advance source applied to,Other lender,5%,186
More than $10 million,Loan/LOC/merchant cash advance source applied to,Online lender,3%,186
More than $10 million,Loan/LOC/merchant cash advance source applied to,CDFI,0%,186
"$50,001-$100,000",Loan/LOC/merchant cash advance source applied to,Small bank,35%,205
"$50,001-$100,000",Loan/LOC/merchant cash advance source applied to,Large bank,35%,205
"$50,001-$100,000",Loan/LOC/merchant cash advance source applied to,Online lender,15%,205
"$50,001-$100,000",Loan/LOC/merchant cash advance source applied to,Credit union,15%,205
"$50,001-$100,000",Loan/LOC/merchant cash advance source applied to,Other lender,10%,205
"$50,001-$100,000",Loan/LOC/merchant cash advance source applied to,CDFI,7%,205
"$50,001-$100,000",Loan/LOC/merchant cash advance source applied to,Finance company,7%,205
"$100,001-$250,000",Loan/LOC/merchant cash advance source applied to,Large bank,36%,391
"$100,001-$250,000",Loan/LOC/merchant cash advance source applied to,Online lender,36%,391
"$100,001-$250,000",Loan/LOC/merchant cash advance source applied to,Small bank,27%,391
"$100,001-$250,000",Loan/LOC/merchant cash advance source applied to,Finance company,14%,391
"$100,001-$250,000",Loan/LOC/merchant cash advance source applied to,CDFI,7%,391
"$100,001-$250,000",Loan/LOC/merchant cash advance source applied to,Credit union,6%,391
"$100,001-$250,000",Loan/LOC/merchant cash advance source applied to,Other lender,4%,391
"$250,001-$500,000",Loan/LOC/merchant cash advance source applied to,Large bank,36%,452
"$250,001-$500,000",Loan/LOC/merchant cash advance source applied to,Online lender,34%,452
"$250,001-$500,000",Loan/LOC/merchant cash advance source applied to,Small bank,20%,452
"$250,001-$500,000",Loan/LOC/merchant cash advance source applied to,Finance company,16%,452
"$250,001-$500,000",Loan/LOC/merchant cash advance source applied to,Credit union,12%,452
"$250,001-$500,000",Loan/LOC/merchant cash advance source applied to,Other lender,8%,452
"$250,001-$500,000",Loan/LOC/merchant cash advance source applied to,CDFI,3%,452
"$500,001-$1 million",Loan/LOC/merchant cash advance source applied to,Large bank,38%,500
"$500,001-$1 million",Loan/LOC/merchant cash advance source applied to,Small bank,30%,500
"$500,001-$1 million",Loan/LOC/merchant cash advance source applied to,Online lender,23%,500
"$500,001-$1 million",Loan/LOC/merchant cash advance source applied to,Finance company,14%,500
"$500,001-$1 million",Loan/LOC/merchant cash advance source applied to,Credit union,10%,500
"$500,001-$1 million",Loan/LOC/merchant cash advance source applied to,Other lender,8%,500
"$500,001-$1 million",Loan/LOC/merchant cash advance source applied to,CDFI,3%,500
$1 million-$5 million,Loan/LOC/merchant cash advance source applied to,Large bank,37%,712
$1 million-$5 million,Loan/LOC/merchant cash advance source applied to,Small bank,33%,712
$1 million-$5 million,Loan/LOC/merchant cash advance source applied to,Online lender,25%,712
$1 million-$5 million,Loan/LOC/merchant cash advance source applied to,Finance company,14%,712
$1 million-$5 million,Loan/LOC/merchant cash advance source applied to,Credit union,8%,712
$1 million-$5 million,Loan/LOC/merchant cash advance source applied to,CDFI,4%,712
$1 million-$5 million,Loan/LOC/merchant cash advance source applied to,Other lender,3%,712
"$25,001-$50,000",Natural disaster-related losses,Did not suffer natural disaster-related losses,87%,267
"$25,001-$50,000",Natural disaster-related losses,Suffered natural disaster-related losses,13%,267
"$0-$25,000",Natural disaster-related losses,Did not suffer natural disaster-related losses,93%,337
"$0-$25,000",Natural disaster-related losses,Suffered natural disaster-related losses,7%,337
$5 million-$10 million,Natural disaster-related losses,Did not suffer natural disaster-related losses,91%,360
$5 million-$10 million,Natural disaster-related losses,Suffered natural disaster-related losses,9%,360
More than $10 million,Natural disaster-related losses,Did not suffer natural disaster-related losses,91%,402
More than $10 million,Natural disaster-related losses,Suffered natural disaster-related losses,9%,402
"$50,001-$100,000",Natural disaster-related losses,Did not suffer natural disaster-related losses,92%,512
"$50,001-$100,000",Natural disaster-related losses,Suffered natural disaster-related losses,8%,512
"$100,001-$250,000",Natural disaster-related losses,Did not suffer natural disaster-related losses,90%,1028
"$100,001-$250,000",Natural disaster-related losses,Suffered natural disaster-related losses,10%,1028
"$250,001-$500,000",Natural disaster-related losses,Did not suffer natural disaster-related losses,91%,1222
"$250,001-$500,000",Natural disaster-related losses,Suffered natural disaster-related losses,9%,1222
"$500,001-$1 million",Natural disaster-related losses,Did not suffer natural disaster-related losses,90%,1297
"$500,001-$1 million",Natural disaster-related losses,Suffered natural disaster-related losses,10%,1297
$1 million-$5 million,Natural disaster-related losses,Did not suffer natural disaster-related losses,91%,1832
$1 million-$5 million,Natural disaster-related losses,Suffered natural disaster-related losses,9%,1832
"$25,001-$50,000",Number of employees,1-4 employees,84%,284
"$25,001-$50,000",Number of employees,5-9 employees,11%,284
"$25,001-$50,000",Number of employees,10-19 employees,3%,284
"$25,001-$50,000",Number of employees,20-49 employees,0%,284
"$25,001-$50,000",Number of employees,50-499 employees,1%,284
"$0-$25,000",Number of employees,1-4 employees,81%,361
"$0-$25,000",Number of employees,5-9 employees,12%,361
"$0-$25,000",Number of employees,10-19 employees,4%,361
"$0-$25,000",Number of employees,20-49 employees,2%,361
"$0-$25,000",Number of employees,50-499 employees,0%,361
$5 million-$10 million,Number of employees,1-4 employees,7%,368
$5 million-$10 million,Number of employees,5-9 employees,7%,368
$5 million-$10 million,Number of employees,10-19 employees,17%,368
$5 million-$10 million,Number of employees,20-49 employees,49%,368
$5 million-$10 million,Number of employees,50-499 employees,19%,368
More than $10 million,Number of employees,1-4 employees,4%,412
More than $10 million,Number of employees,5-9 employees,3%,412
More than $10 million,Number of employees,10-19 employees,9%,412
More than $10 million,Number of employees,20-49 employees,24%,412
More than $10 million,Number of employees,50-499 employees,61%,412
"$50,001-$100,000",Number of employees,1-4 employees,85%,539
"$50,001-$100,000",Number of employees,5-9 employees,9%,539
"$50,001-$100,000",Number of employees,10-19 employees,4%,539
"$50,001-$100,000",Number of employees,20-49 employees,1%,539
"$50,001-$100,000",Number of employees,50-499 employees,0%,539
"$100,001-$250,000",Number of employees,1-4 employees,85%,1075
"$100,001-$250,000",Number of employees,5-9 employees,12%,1075
"$100,001-$250,000",Number of employees,10-19 employees,2%,1075
"$100,001-$250,000",Number of employees,20-49 employees,0%,1075
"$100,001-$250,000",Number of employees,50-499 employees,1%,1075
"$250,001-$500,000",Number of employees,1-4 employees,70%,1249
"$250,001-$500,000",Number of employees,5-9 employees,19%,1249
"$250,001-$500,000",Number of employees,10-19 employees,9%,1249
"$250,001-$500,000",Number of employees,20-49 employees,1%,1249
"$250,001-$500,000",Number of employees,50-499 employees,0%,1249
"$500,001-$1 million",Number of employees,1-4 employees,51%,1342
"$500,001-$1 million",Number of employees,5-9 employees,28%,1342
"$500,001-$1 million",Number of employees,10-19 employees,17%,1342
"$500,001-$1 million",Number of employees,20-49 employees,4%,1342
"$500,001-$1 million",Number of employees,50-499 employees,0%,1342
$1 million-$5 million,Number of employees,1-4 employees,25%,1867
$1 million-$5 million,Number of employees,5-9 employees,24%,1867
$1 million-$5 million,Number of employees,10-19 employees,25%,1867
$1 million-$5 million,Number of employees,20-49 employees,21%,1867
$1 million-$5 million,Number of employees,50-499 employees,5%,1867
"$25,001-$50,000","Number of times relocated, past 5 years","None, did not relocate",74%,212
"$25,001-$50,000","Number of times relocated, past 5 years",Once,16%,212
"$25,001-$50,000","Number of times relocated, past 5 years",Two or more times,9%,212
"$0-$25,000","Number of times relocated, past 5 years","None, did not relocate",77%,271
"$0-$25,000","Number of times relocated, past 5 years",Once,20%,271
"$0-$25,000","Number of times relocated, past 5 years",Two or more times,3%,271
$5 million-$10 million,"Number of times relocated, past 5 years","None, did not relocate",70%,297
$5 million-$10 million,"Number of times relocated, past 5 years",Once,25%,297
$5 million-$10 million,"Number of times relocated, past 5 years",Two or more times,5%,297
More than $10 million,"Number of times relocated, past 5 years","None, did not relocate",72%,336
More than $10 million,"Number of times relocated, past 5 years",Once,22%,336
More than $10 million,"Number of times relocated, past 5 years",Two or more times,6%,336
"$50,001-$100,000","Number of times relocated, past 5 years","None, did not relocate",71%,415
"$50,001-$100,000","Number of times relocated, past 5 years",Once,22%,415
"$50,001-$100,000","Number of times relocated, past 5 years",Two or more times,7%,415
"$100,001-$250,000","Number of times relocated, past 5 years","None, did not relocate",72%,866
"$100,001-$250,000","Number of times relocated, past 5 years",Once,20%,866
"$100,001-$250,000","Number of times relocated, past 5 years",Two or more times,8%,866
"$250,001-$500,000","Number of times relocated, past 5 years","None, did not relocate",75%,1030
"$250,001-$500,000","Number of times relocated, past 5 years",Once,20%,1030
"$250,001-$500,000","Number of times relocated, past 5 years",Two or more times,5%,1030
"$500,001-$1 million","Number of times relocated, past 5 years","None, did not relocate",79%,1096
"$500,001-$1 million","Number of times relocated, past 5 years",Once,17%,1096
"$500,001-$1 million","Number of times relocated, past 5 years",Two or more times,4%,1096
$1 million-$5 million,"Number of times relocated, past 5 years","None, did not relocate",75%,1566
$1 million-$5 million,"Number of times relocated, past 5 years",Once,21%,1566
$1 million-$5 million,"Number of times relocated, past 5 years",Two or more times,4%,1566
"$25,001-$50,000",Operational challenges,Reaching customers/growing sales,62%,277
"$25,001-$50,000",Operational challenges,Utilizing technology,45%,277
"$25,001-$50,000",Operational challenges,Hiring or retaining qualified staff,40%,277
"$25,001-$50,000",Operational challenges,Supply chain issues,25%,277
"$25,001-$50,000",Operational challenges,Complying with government regulations,18%,277
"$25,001-$50,000",Operational challenges,Did not experience any operational challenges,13%,277
"$25,001-$50,000",Operational challenges,Ensuring health/ safety of customers or employees,6%,277
"$25,001-$50,000",Operational challenges,Other,2%,277
"$0-$25,000",Operational challenges,Reaching customers/growing sales,67%,351
"$0-$25,000",Operational challenges,Utilizing technology,33%,351
"$0-$25,000",Operational challenges,Hiring or retaining qualified staff,32%,351
"$0-$25,000",Operational challenges,Complying with government regulations,22%,351
"$0-$25,000",Operational challenges,Supply chain issues,15%,351
"$0-$25,000",Operational challenges,Did not experience any operational challenges,11%,351
"$0-$25,000",Operational challenges,Ensuring health/ safety of customers or employees,7%,351
"$0-$25,000",Operational challenges,Other,3%,351
$5 million-$10 million,Operational challenges,Hiring or retaining qualified staff,63%,364
$5 million-$10 million,Operational challenges,Reaching customers/growing sales,46%,364
$5 million-$10 million,Operational challenges,Complying with government regulations,45%,364
$5 million-$10 million,Operational challenges,Supply chain issues,44%,364
$5 million-$10 million,Operational challenges,Utilizing technology,21%,364
$5 million-$10 million,Operational challenges,Ensuring health/ safety of customers or employees,8%,364
$5 million-$10 million,Operational challenges,Did not experience any operational challenges,5%,364
$5 million-$10 million,Operational challenges,Other,1%,364
More than $10 million,Operational challenges,Hiring or retaining qualified staff,71%,407
More than $10 million,Operational challenges,Supply chain issues,49%,407
More than $10 million,Operational challenges,Reaching customers/growing sales,47%,407
More than $10 million,Operational challenges,Complying with government regulations,45%,407
More than $10 million,Operational challenges,Utilizing technology,25%,407
More than $10 million,Operational challenges,Ensuring health/ safety of customers or employees,12%,407
More than $10 million,Operational challenges,Did not experience any operational challenges,6%,407
More than $10 million,Operational challenges,Other,2%,407
"$50,001-$100,000",Operational challenges,Reaching customers/growing sales,61%,527
"$50,001-$100,000",Operational challenges,Hiring or retaining qualified staff,46%,527
"$50,001-$100,000",Operational challenges,Utilizing technology,30%,527
"$50,001-$100,000",Operational challenges,Supply chain issues,20%,527
"$50,001-$100,000",Operational challenges,Complying with government regulations,17%,527
"$50,001-$100,000",Operational challenges,Did not experience any operational challenges,11%,527
"$50,001-$100,000",Operational challenges,Ensuring health/ safety of customers or employees,6%,527
"$50,001-$100,000",Operational challenges,Other,1%,527
"$100,001-$250,000",Operational challenges,Reaching customers/growing sales,60%,1058
"$100,001-$250,000",Operational challenges,Hiring or retaining qualified staff,42%,1058
"$100,001-$250,000",Operational challenges,Utilizing technology,34%,1058
"$100,001-$250,000",Operational challenges,Complying with government regulations,29%,1058
"$100,001-$250,000",Operational challenges,Supply chain issues,23%,1058
"$100,001-$250,000",Operational challenges,Did not experience any operational challenges,9%,1058
"$100,001-$250,000",Operational challenges,Ensuring health/ safety of customers or employees,8%,1058
"$100,001-$250,000",Operational challenges,Other,2%,1058
"$250,001-$500,000",Operational challenges,Reaching customers/growing sales,55%,1241
"$250,001-$500,000",Operational challenges,Hiring or retaining qualified staff,52%,1241
"$250,001-$500,000",Operational challenges,Supply chain issues,28%,1241
"$250,001-$500,000",Operational challenges,Utilizing technology,28%,1241
"$250,001-$500,000",Operational challenges,Complying with government regulations,23%,1241
"$250,001-$500,000",Operational challenges,Did not experience any operational challenges,11%,1241
"$250,001-$500,000",Operational challenges,Ensuring health/ safety of customers or employees,5%,1241
"$250,001-$500,000",Operational challenges,Other,2%,1241
"$500,001-$1 million",Operational challenges,Reaching customers/growing sales,54%,1316
"$500,001-$1 million",Operational challenges,Hiring or retaining qualified staff,52%,1316
"$500,001-$1 million",Operational challenges,Supply chain issues,31%,1316
"$500,001-$1 million",Operational challenges,Complying with government regulations,28%,1316
"$500,001-$1 million",Operational challenges,Utilizing technology,27%,1316
"$500,001-$1 million",Operational challenges,Did not experience any operational challenges,9%,1316
"$500,001-$1 million",Operational challenges,Ensuring health/ safety of customers or employees,7%,1316
"$500,001-$1 million",Operational challenges,Other,1%,1316
$1 million-$5 million,Operational challenges,Hiring or retaining qualified staff,58%,1854
$1 million-$5 million,Operational challenges,Reaching customers/growing sales,56%,1854
$1 million-$5 million,Operational challenges,Supply chain issues,35%,1854
$1 million-$5 million,Operational challenges,Complying with government regulations,34%,1854
$1 million-$5 million,Operational challenges,Utilizing technology,26%,1854
$1 million-$5 million,Operational challenges,Ensuring health/ safety of customers or employees,8%,1854
$1 million-$5 million,Operational challenges,Did not experience any operational challenges,7%,1854
$1 million-$5 million,Operational challenges,Other,2%,1854
"$25,001-$50,000",Other types of funding received,Funds from owner,25%,270
"$25,001-$50,000",Other types of funding received,Grant,14%,270
"$25,001-$50,000",Other types of funding received,Loan from family or friends,11%,270
"$25,001-$50,000",Other types of funding received,Equity investment (including friends/family),1%,270
"$25,001-$50,000",Other types of funding received,Fundraising or donations,0%,270
"$25,001-$50,000",Other types of funding received,Other,0%,270
"$0-$25,000",Other types of funding received,Funds from owner,32%,349
"$0-$25,000",Other types of funding received,Equity investment (including friends/family),13%,349
"$0-$25,000",Other types of funding received,Loan from family or friends,11%,349
"$0-$25,000",Other types of funding received,Grant,6%,349
"$0-$25,000",Other types of funding received,Fundraising or donations,1%,349
"$0-$25,000",Other types of funding received,Other,0%,349
$5 million-$10 million,Other types of funding received,Funds from owner,18%,359
$5 million-$10 million,Other types of funding received,Loan from family or friends,4%,359
$5 million-$10 million,Other types of funding received,Equity investment (including friends/family),3%,359
$5 million-$10 million,Other types of funding received,Grant,2%,359
$5 million-$10 million,Other types of funding received,Fundraising or donations,0%,359
$5 million-$10 million,Other types of funding received,Other,0%,359
More than $10 million,Other types of funding received,Funds from owner,12%,401
More than $10 million,Other types of funding received,Equity investment (including friends/family),6%,401
More than $10 million,Other types of funding received,Grant,3%,401
More than $10 million,Other types of funding received,Loan from family or friends,2%,401
More than $10 million,Other types of funding received,Fundraising or donations,2%,401
More than $10 million,Other types of funding received,Other,0%,401
"$50,001-$100,000",Other types of funding received,Funds from owner,26%,505
"$50,001-$100,000",Other types of funding received,Loan from family or friends,14%,505
"$50,001-$100,000",Other types of funding received,Grant,7%,505
"$50,001-$100,000",Other types of funding received,Fundraising or donations,2%,505
"$50,001-$100,000",Other types of funding received,Equity investment (including friends/family),2%,505
"$50,001-$100,000",Other types of funding received,Other,0%,505
"$100,001-$250,000",Other types of funding received,Funds from owner,25%,1040
"$100,001-$250,000",Other types of funding received,Loan from family or friends,11%,1040
"$100,001-$250,000",Other types of funding received,Grant,4%,1040
"$100,001-$250,000",Other types of funding received,Equity investment (including friends/family),1%,1040
"$100,001-$250,000",Other types of funding received,Fundraising or donations,1%,1040
"$100,001-$250,000",Other types of funding received,Other,0%,1040
"$250,001-$500,000",Other types of funding received,Funds from owner,24%,1221
"$250,001-$500,000",Other types of funding received,Loan from family or friends,7%,1221
"$250,001-$500,000",Other types of funding received,Grant,4%,1221
"$250,001-$500,000",Other types of funding received,Equity investment (including friends/family),2%,1221
"$250,001-$500,000",Other types of funding received,Fundraising or donations,1%,1221
"$250,001-$500,000",Other types of funding received,Other,0%,1221
"$500,001-$1 million",Other types of funding received,Funds from owner,23%,1307
"$500,001-$1 million",Other types of funding received,Loan from family or friends,9%,1307
"$500,001-$1 million",Other types of funding received,Grant,3%,1307
"$500,001-$1 million",Other types of funding received,Fundraising or donations,1%,1307
"$500,001-$1 million",Other types of funding received,Equity investment (including friends/family),1%,1307
"$500,001-$1 million",Other types of funding received,Other,0%,1307
$1 million-$5 million,Other types of funding received,Funds from owner,23%,1831
$1 million-$5 million,Other types of funding received,Loan from family or friends,6%,1831
$1 million-$5 million,Other types of funding received,Grant,4%,1831
$1 million-$5 million,Other types of funding received,Equity investment (including friends/family),2%,1831
$1 million-$5 million,Other types of funding received,Other,0%,1831
$1 million-$5 million,Other types of funding received,Fundraising or donations,0%,1831
"$25,001-$50,000",Other types of funding sought and received,Did not seek other type of funding,42%,270
"$25,001-$50,000",Other types of funding sought and received,Received other type of funding,41%,270
"$25,001-$50,000",Other types of funding sought and received,"Sought other type of funding, but did not receive",17%,270
"$0-$25,000",Other types of funding sought and received,Received other type of funding,48%,349
"$0-$25,000",Other types of funding sought and received,Did not seek other type of funding,31%,349
"$0-$25,000",Other types of funding sought and received,"Sought other type of funding, but did not receive",21%,349
$5 million-$10 million,Other types of funding sought and received,Did not seek other type of funding,71%,359
$5 million-$10 million,Other types of funding sought and received,Received other type of funding,25%,359
$5 million-$10 million,Other types of funding sought and received,"Sought other type of funding, but did not receive",5%,359
More than $10 million,Other types of funding sought and received,Did not seek other type of funding,79%,401
More than $10 million,Other types of funding sought and received,Received other type of funding,18%,401
More than $10 million,Other types of funding sought and received,"Sought other type of funding, but did not receive",3%,401
"$50,001-$100,000",Other types of funding sought and received,Did not seek other type of funding,44%,505
"$50,001-$100,000",Other types of funding sought and received,Received other type of funding,41%,505
"$50,001-$100,000",Other types of funding sought and received,"Sought other type of funding, but did not receive",16%,505
"$100,001-$250,000",Other types of funding sought and received,Did not seek other type of funding,50%,1040
"$100,001-$250,000",Other types of funding sought and received,Received other type of funding,36%,1040
"$100,001-$250,000",Other types of funding sought and received,"Sought other type of funding, but did not receive",14%,1040
"$250,001-$500,000",Other types of funding sought and received,Did not seek other type of funding,56%,1221
"$250,001-$500,000",Other types of funding sought and received,Received other type of funding,33%,1221
"$250,001-$500,000",Other types of funding sought and received,"Sought other type of funding, but did not receive",11%,1221
"$500,001-$1 million",Other types of funding sought and received,Did not seek other type of funding,61%,1307
"$500,001-$1 million",Other types of funding sought and received,Received other type of funding,32%,1307
"$500,001-$1 million",Other types of funding sought and received,"Sought other type of funding, but did not receive",7%,1307
$1 million-$5 million,Other types of funding sought and received,Did not seek other type of funding,66%,1831
$1 million-$5 million,Other types of funding sought and received,Received other type of funding,28%,1831
$1 million-$5 million,Other types of funding sought and received,"Sought other type of funding, but did not receive",6%,1831
"$25,001-$50,000",Physical space of business headquarters,Facility rented by the business,51%,209
"$25,001-$50,000",Physical space of business headquarters,"A residence (e.g., home, apartment)",29%,209
"$25,001-$50,000",Physical space of business headquarters,Facility owned by the business,11%,209
"$25,001-$50,000",Physical space of business headquarters,A mobile location (vehicle-based or on-location services),5%,209
"$25,001-$50,000",Physical space of business headquarters,"Rent-free space provided by the owner, a nonprofit, or other firm",3%,209
"$25,001-$50,000",Physical space of business headquarters,Other,0%,209
"$25,001-$50,000",Physical space of business headquarters,"A virtual location (online, cloud-based)",0%,209
"$0-$25,000",Physical space of business headquarters,"A residence (e.g., home, apartment)",43%,268
"$0-$25,000",Physical space of business headquarters,Facility rented by the business,33%,268
"$0-$25,000",Physical space of business headquarters,"A virtual location (online, cloud-based)",10%,268
"$0-$25,000",Physical space of business headquarters,Facility owned by the business,7%,268
"$0-$25,000",Physical space of business headquarters,A mobile location (vehicle-based or on-location services),5%,268
"$0-$25,000",Physical space of business headquarters,"Rent-free space provided by the owner, a nonprofit, or other firm",3%,268
"$0-$25,000",Physical space of business headquarters,Other,0%,268
$5 million-$10 million,Physical space of business headquarters,Facility rented by the business,64%,296
$5 million-$10 million,Physical space of business headquarters,Facility owned by the business,30%,296
$5 million-$10 million,Physical space of business headquarters,"A residence (e.g., home, apartment)",5%,296
$5 million-$10 million,Physical space of business headquarters,"A virtual location (online, cloud-based)",1%,296
$5 million-$10 million,Physical space of business headquarters,"Rent-free space provided by the owner, a nonprofit, or other firm",1%,296
$5 million-$10 million,Physical space of business headquarters,Other,0%,296
$5 million-$10 million,Physical space of business headquarters,A mobile location (vehicle-based or on-location services),0%,296
More than $10 million,Physical space of business headquarters,Facility rented by the business,60%,336
More than $10 million,Physical space of business headquarters,Facility owned by the business,36%,336
More than $10 million,Physical space of business headquarters,"A residence (e.g., home, apartment)",2%,336
More than $10 million,Physical space of business headquarters,"A virtual location (online, cloud-based)",1%,336
More than $10 million,Physical space of business headquarters,"Rent-free space provided by the owner, a nonprofit, or other firm",1%,336
More than $10 million,Physical space of business headquarters,A mobile location (vehicle-based or on-location services),0%,336
More than $10 million,Physical space of business headquarters,Other,0%,336
"$50,001-$100,000",Physical space of business headquarters,Facility rented by the business,50%,412
"$50,001-$100,000",Physical space of business headquarters,"A residence (e.g., home, apartment)",35%,412
"$50,001-$100,000",Physical space of business headquarters,Facility owned by the business,8%,412
"$50,001-$100,000",Physical space of business headquarters,"Rent-free space provided by the owner, a nonprofit, or other firm",2%,412
"$50,001-$100,000",Physical space of business headquarters,A mobile location (vehicle-based or on-location services),2%,412
"$50,001-$100,000",Physical space of business headquarters,"A virtual location (online, cloud-based)",2%,412
"$50,001-$100,000",Physical space of business headquarters,Other,0%,412
"$100,001-$250,000",Physical space of business headquarters,Facility rented by the business,54%,865
"$100,001-$250,000",Physical space of business headquarters,"A residence (e.g., home, apartment)",22%,865
"$100,001-$250,000",Physical space of business headquarters,Facility owned by the business,15%,865
"$100,001-$250,000",Physical space of business headquarters,"Rent-free space provided by the owner, a nonprofit, or other firm",4%,865
"$100,001-$250,000",Physical space of business headquarters,"A virtual location (online, cloud-based)",3%,865
"$100,001-$250,000",Physical space of business headquarters,A mobile location (vehicle-based or on-location services),2%,865
"$100,001-$250,000",Physical space of business headquarters,Other,0%,865
"$250,001-$500,000",Physical space of business headquarters,Facility rented by the business,59%,1029
"$250,001-$500,000",Physical space of business headquarters,Facility owned by the business,17%,1029
"$250,001-$500,000",Physical space of business headquarters,"A residence (e.g., home, apartment)",16%,1029
"$250,001-$500,000",Physical space of business headquarters,"A virtual location (online, cloud-based)",4%,1029
"$250,001-$500,000",Physical space of business headquarters,"Rent-free space provided by the owner, a nonprofit, or other firm",3%,1029
"$250,001-$500,000",Physical space of business headquarters,A mobile location (vehicle-based or on-location services),2%,1029
"$250,001-$500,000",Physical space of business headquarters,Other,0%,1029
"$500,001-$1 million",Physical space of business headquarters,Facility rented by the business,70%,1099
"$500,001-$1 million",Physical space of business headquarters,Facility owned by the business,17%,1099
"$500,001-$1 million",Physical space of business headquarters,"A residence (e.g., home, apartment)",10%,1099
"$500,001-$1 million",Physical space of business headquarters,"Rent-free space provided by the owner, a nonprofit, or other firm",2%,1099
"$500,001-$1 million",Physical space of business headquarters,"A virtual location (online, cloud-based)",2%,1099
"$500,001-$1 million",Physical space of business headquarters,A mobile location (vehicle-based or on-location services),0%,1099
"$500,001-$1 million",Physical space of business headquarters,Other,0%,1099
$1 million-$5 million,Physical space of business headquarters,Facility rented by the business,65%,1567
$1 million-$5 million,Physical space of business headquarters,Facility owned by the business,22%,1567
$1 million-$5 million,Physical space of business headquarters,"A residence (e.g., home, apartment)",9%,1567
$1 million-$5 million,Physical space of business headquarters,"A virtual location (online, cloud-based)",3%,1567
$1 million-$5 million,Physical space of business headquarters,"Rent-free space provided by the owner, a nonprofit, or other firm",2%,1567
$1 million-$5 million,Physical space of business headquarters,A mobile location (vehicle-based or on-location services),0%,1567
$1 million-$5 million,Physical space of business headquarters,Other,0%,1567
"$25,001-$50,000","Plans to relocate, next 2 years",Does not plan to relocate,65%,211
"$25,001-$50,000","Plans to relocate, next 2 years",Unsure,18%,211
"$25,001-$50,000","Plans to relocate, next 2 years",Plans to relocate,17%,211
"$0-$25,000","Plans to relocate, next 2 years",Does not plan to relocate,49%,272
"$0-$25,000","Plans to relocate, next 2 years",Unsure,26%,272
"$0-$25,000","Plans to relocate, next 2 years",Plans to relocate,25%,272
$5 million-$10 million,"Plans to relocate, next 2 years",Does not plan to relocate,78%,299
$5 million-$10 million,"Plans to relocate, next 2 years",Unsure,12%,299
$5 million-$10 million,"Plans to relocate, next 2 years",Plans to relocate,10%,299
More than $10 million,"Plans to relocate, next 2 years",Does not plan to relocate,73%,337
More than $10 million,"Plans to relocate, next 2 years",Plans to relocate,13%,337
More than $10 million,"Plans to relocate, next 2 years",Unsure,13%,337
"$50,001-$100,000","Plans to relocate, next 2 years",Does not plan to relocate,62%,417
"$50,001-$100,000","Plans to relocate, next 2 years",Unsure,23%,417
"$50,001-$100,000","Plans to relocate, next 2 years",Plans to relocate,15%,417
"$100,001-$250,000","Plans to relocate, next 2 years",Does not plan to relocate,73%,870
"$100,001-$250,000","Plans to relocate, next 2 years",Unsure,16%,870
"$100,001-$250,000","Plans to relocate, next 2 years",Plans to relocate,12%,870
"$250,001-$500,000","Plans to relocate, next 2 years",Does not plan to relocate,71%,1032
"$250,001-$500,000","Plans to relocate, next 2 years",Unsure,15%,1032
"$250,001-$500,000","Plans to relocate, next 2 years",Plans to relocate,14%,1032
"$500,001-$1 million","Plans to relocate, next 2 years",Does not plan to relocate,76%,1103
"$500,001-$1 million","Plans to relocate, next 2 years",Unsure,14%,1103
"$500,001-$1 million","Plans to relocate, next 2 years",Plans to relocate,10%,1103
$1 million-$5 million,"Plans to relocate, next 2 years",Does not plan to relocate,73%,1574
$1 million-$5 million,"Plans to relocate, next 2 years",Unsure,16%,1574
$1 million-$5 million,"Plans to relocate, next 2 years",Plans to relocate,11%,1574
"$25,001-$50,000",Primary reason for not applying for financing,Debt averse,38%,93
"$25,001-$50,000",Primary reason for not applying for financing,Had sufficient financing,36%,93
"$25,001-$50,000",Primary reason for not applying for financing,Discouraged,18%,93
"$25,001-$50,000",Primary reason for not applying for financing,Credit cost was too high,6%,93
"$25,001-$50,000",Primary reason for not applying for financing,Application process was too difficult or confusing,1%,93
"$25,001-$50,000",Primary reason for not applying for financing,Other,0%,93
$5 million-$10 million,Primary reason for not applying for financing,Had sufficient financing,88%,118
$5 million-$10 million,Primary reason for not applying for financing,Credit cost was too high,7%,118
$5 million-$10 million,Primary reason for not applying for financing,Debt averse,4%,118
$5 million-$10 million,Primary reason for not applying for financing,Discouraged,1%,118
$5 million-$10 million,Primary reason for not applying for financing,Application process was too difficult or confusing,0%,118
$5 million-$10 million,Primary reason for not applying for financing,Other,0%,118
"$0-$25,000",Primary reason for not applying for financing,Discouraged,43%,128
"$0-$25,000",Primary reason for not applying for financing,Debt averse,23%,128
"$0-$25,000",Primary reason for not applying for financing,Had sufficient financing,21%,128
"$0-$25,000",Primary reason for not applying for financing,Application process was too difficult or confusing,6%,128
"$0-$25,000",Primary reason for not applying for financing,Credit cost was too high,6%,128
"$0-$25,000",Primary reason for not applying for financing,Other,1%,128
More than $10 million,Primary reason for not applying for financing,Had sufficient financing,88%,135
More than $10 million,Primary reason for not applying for financing,Credit cost was too high,7%,135
More than $10 million,Primary reason for not applying for financing,Debt averse,3%,135
More than $10 million,Primary reason for not applying for financing,Application process was too difficult or confusing,1%,135
More than $10 million,Primary reason for not applying for financing,Other,0%,135
More than $10 million,Primary reason for not applying for financing,Discouraged,0%,135
"$50,001-$100,000",Primary reason for not applying for financing,Debt averse,42%,202
"$50,001-$100,000",Primary reason for not applying for financing,Had sufficient financing,27%,202
"$50,001-$100,000",Primary reason for not applying for financing,Discouraged,12%,202
"$50,001-$100,000",Primary reason for not applying for financing,Credit cost was too high,11%,202
"$50,001-$100,000",Primary reason for not applying for financing,Application process was too difficult or confusing,7%,202
"$50,001-$100,000",Primary reason for not applying for financing,Other,1%,202
"$100,001-$250,000",Primary reason for not applying for financing,Had sufficient financing,46%,430
"$100,001-$250,000",Primary reason for not applying for financing,Debt averse,31%,430
"$100,001-$250,000",Primary reason for not applying for financing,Discouraged,11%,430
"$100,001-$250,000",Primary reason for not applying for financing,Credit cost was too high,9%,430
"$100,001-$250,000",Primary reason for not applying for financing,Application process was too difficult or confusing,3%,430
"$100,001-$250,000",Primary reason for not applying for financing,Other,0%,430
"$500,001-$1 million",Primary reason for not applying for financing,Had sufficient financing,66%,519
"$500,001-$1 million",Primary reason for not applying for financing,Debt averse,20%,519
"$500,001-$1 million",Primary reason for not applying for financing,Credit cost was too high,6%,519
"$500,001-$1 million",Primary reason for not applying for financing,Discouraged,5%,519
"$500,001-$1 million",Primary reason for not applying for financing,Application process was too difficult or confusing,3%,519
"$500,001-$1 million",Primary reason for not applying for financing,Other,0%,519
"$250,001-$500,000",Primary reason for not applying for financing,Had sufficient financing,54%,542
"$250,001-$500,000",Primary reason for not applying for financing,Debt averse,28%,542
"$250,001-$500,000",Primary reason for not applying for financing,Credit cost was too high,12%,542
"$250,001-$500,000",Primary reason for not applying for financing,Discouraged,5%,542
"$250,001-$500,000",Primary reason for not applying for financing,Application process was too difficult or confusing,1%,542
"$250,001-$500,000",Primary reason for not applying for financing,Other,0%,542
$1 million-$5 million,Primary reason for not applying for financing,Had sufficient financing,75%,736
$1 million-$5 million,Primary reason for not applying for financing,Debt averse,11%,736
$1 million-$5 million,Primary reason for not applying for financing,Credit cost was too high,8%,736
$1 million-$5 million,Primary reason for not applying for financing,Discouraged,5%,736
$1 million-$5 million,Primary reason for not applying for financing,Other,1%,736
$1 million-$5 million,Primary reason for not applying for financing,Application process was too difficult or confusing,1%,736
"$25,001-$50,000",Primary source of financial services,Small bank,42%,282
"$25,001-$50,000",Primary source of financial services,Large bank,34%,282
"$25,001-$50,000",Primary source of financial services,Financial company that is not a bank,9%,282
"$25,001-$50,000",Primary source of financial services,Credit union,9%,282
"$25,001-$50,000",Primary source of financial services,"None, business does not use financial services",5%,282
"$25,001-$50,000",Primary source of financial services,Other,2%,282
"$0-$25,000",Primary source of financial services,Large bank,38%,360
"$0-$25,000",Primary source of financial services,Small bank,22%,360
"$0-$25,000",Primary source of financial services,Credit union,20%,360
"$0-$25,000",Primary source of financial services,Financial company that is not a bank,9%,360
"$0-$25,000",Primary source of financial services,"None, business does not use financial services",9%,360
"$0-$25,000",Primary source of financial services,Other,2%,360
$5 million-$10 million,Primary source of financial services,Small bank,49%,367
$5 million-$10 million,Primary source of financial services,Large bank,43%,367
$5 million-$10 million,Primary source of financial services,Credit union,4%,367
$5 million-$10 million,Primary source of financial services,Financial company that is not a bank,3%,367
$5 million-$10 million,Primary source of financial services,"None, business does not use financial services",1%,367
$5 million-$10 million,Primary source of financial services,Other,0%,367
More than $10 million,Primary source of financial services,Large bank,51%,410
More than $10 million,Primary source of financial services,Small bank,39%,410
More than $10 million,Primary source of financial services,Financial company that is not a bank,6%,410
More than $10 million,Primary source of financial services,Credit union,3%,410
More than $10 million,Primary source of financial services,Other,1%,410
More than $10 million,Primary source of financial services,"None, business does not use financial services",0%,410
"$50,001-$100,000",Primary source of financial services,Large bank,43%,538
"$50,001-$100,000",Primary source of financial services,Small bank,29%,538
"$50,001-$100,000",Primary source of financial services,Credit union,15%,538
"$50,001-$100,000",Primary source of financial services,Financial company that is not a bank,7%,538
"$50,001-$100,000",Primary source of financial services,"None, business does not use financial services",6%,538
"$50,001-$100,000",Primary source of financial services,Other,1%,538
"$100,001-$250,000",Primary source of financial services,Large bank,43%,1072
"$100,001-$250,000",Primary source of financial services,Small bank,32%,1072
"$100,001-$250,000",Primary source of financial services,Credit union,11%,1072
"$100,001-$250,000",Primary source of financial services,Financial company that is not a bank,8%,1072
"$100,001-$250,000",Primary source of financial services,"None, business does not use financial services",4%,1072
"$100,001-$250,000",Primary source of financial services,Other,1%,1072
"$250,001-$500,000",Primary source of financial services,Large bank,43%,1245
"$250,001-$500,000",Primary source of financial services,Small bank,33%,1245
"$250,001-$500,000",Primary source of financial services,Credit union,11%,1245
"$250,001-$500,000",Primary source of financial services,Financial company that is not a bank,8%,1245
"$250,001-$500,000",Primary source of financial services,"None, business does not use financial services",3%,1245
"$250,001-$500,000",Primary source of financial services,Other,1%,1245
"$500,001-$1 million",Primary source of financial services,Large bank,46%,1337
"$500,001-$1 million",Primary source of financial services,Small bank,38%,1337
"$500,001-$1 million",Primary source of financial services,Financial company that is not a bank,7%,1337
"$500,001-$1 million",Primary source of financial services,Credit union,7%,1337
"$500,001-$1 million",Primary source of financial services,"None, business does not use financial services",2%,1337
"$500,001-$1 million",Primary source of financial services,Other,0%,1337
$1 million-$5 million,Primary source of financial services,Large bank,48%,1859
$1 million-$5 million,Primary source of financial services,Small bank,37%,1859
$1 million-$5 million,Primary source of financial services,Financial company that is not a bank,7%,1859
$1 million-$5 million,Primary source of financial services,Credit union,5%,1859
$1 million-$5 million,Primary source of financial services,"None, business does not use financial services",2%,1859
$1 million-$5 million,Primary source of financial services,Other,1%,1859
"$25,001-$50,000","Profitability, end of 2023",Operating at a loss,49%,271
"$25,001-$50,000","Profitability, end of 2023",Operating at break-even,24%,271
"$25,001-$50,000","Profitability, end of 2023",Operating at a profit,27%,271
"$0-$25,000","Profitability, end of 2023",Operating at a loss,80%,337
"$0-$25,000","Profitability, end of 2023",Operating at break-even,12%,337
"$0-$25,000","Profitability, end of 2023",Operating at a profit,8%,337
$5 million-$10 million,"Profitability, end of 2023",Operating at a loss,20%,360
$5 million-$10 million,"Profitability, end of 2023",Operating at break-even,15%,360
$5 million-$10 million,"Profitability, end of 2023",Operating at a profit,66%,360
More than $10 million,"Profitability, end of 2023",Operating at a loss,13%,410
More than $10 million,"Profitability, end of 2023",Operating at break-even,8%,410
More than $10 million,"Profitability, end of 2023",Operating at a profit,79%,410
"$50,001-$100,000","Profitability, end of 2023",Operating at a loss,50%,507
"$50,001-$100,000","Profitability, end of 2023",Operating at break-even,22%,507
"$50,001-$100,000","Profitability, end of 2023",Operating at a profit,28%,507
"$100,001-$250,000","Profitability, end of 2023",Operating at a loss,36%,1039
"$100,001-$250,000","Profitability, end of 2023",Operating at break-even,26%,1039
"$100,001-$250,000","Profitability, end of 2023",Operating at a profit,38%,1039
"$250,001-$500,000","Profitability, end of 2023",Operating at a loss,33%,1214
"$250,001-$500,000","Profitability, end of 2023",Operating at break-even,21%,1214
"$250,001-$500,000","Profitability, end of 2023",Operating at a profit,46%,1214
"$500,001-$1 million","Profitability, end of 2023",Operating at a loss,33%,1304
"$500,001-$1 million","Profitability, end of 2023",Operating at break-even,18%,1304
"$500,001-$1 million","Profitability, end of 2023",Operating at a profit,49%,1304
$1 million-$5 million,"Profitability, end of 2023",Operating at a loss,25%,1843
$1 million-$5 million,"Profitability, end of 2023",Operating at break-even,15%,1843
$1 million-$5 million,"Profitability, end of 2023",Operating at a profit,59%,1843
"$25,001-$50,000",Race/ethnicity of owner(s),White,64%,284
"$25,001-$50,000",Race/ethnicity of owner(s),Hispanic,21%,284
"$25,001-$50,000",Race/ethnicity of owner(s),Black or African American,8%,284
"$25,001-$50,000",Race/ethnicity of owner(s),Asian,6%,284
"$25,001-$50,000",Race/ethnicity of owner(s),American Indian or Alaskan Native,1%,284
"$0-$25,000",Race/ethnicity of owner(s),White,55%,361
"$0-$25,000",Race/ethnicity of owner(s),Hispanic,19%,361
"$0-$25,000",Race/ethnicity of owner(s),Black or African American,14%,361
"$0-$25,000",Race/ethnicity of owner(s),Asian,10%,361
"$0-$25,000",Race/ethnicity of owner(s),American Indian or Alaskan Native,1%,361
$5 million-$10 million,Race/ethnicity of owner(s),White,90%,368
$5 million-$10 million,Race/ethnicity of owner(s),Asian,7%,368
$5 million-$10 million,Race/ethnicity of owner(s),Hispanic,3%,368
$5 million-$10 million,Race/ethnicity of owner(s),American Indian or Alaskan Native,0%,368
$5 million-$10 million,Race/ethnicity of owner(s),Black or African American,0%,368
More than $10 million,Race/ethnicity of owner(s),White,89%,412
More than $10 million,Race/ethnicity of owner(s),Asian,6%,412
More than $10 million,Race/ethnicity of owner(s),Hispanic,3%,412
More than $10 million,Race/ethnicity of owner(s),Black or African American,1%,412
More than $10 million,Race/ethnicity of owner(s),American Indian or Alaskan Native,0%,412
"$50,001-$100,000",Race/ethnicity of owner(s),White,71%,539
"$50,001-$100,000",Race/ethnicity of owner(s),Asian,12%,539
"$50,001-$100,000",Race/ethnicity of owner(s),Hispanic,11%,539
"$50,001-$100,000",Race/ethnicity of owner(s),Black or African American,6%,539
"$50,001-$100,000",Race/ethnicity of owner(s),American Indian or Alaskan Native,0%,539
"$100,001-$250,000",Race/ethnicity of owner(s),White,74%,1075
"$100,001-$250,000",Race/ethnicity of owner(s),Asian,14%,1075
"$100,001-$250,000",Race/ethnicity of owner(s),Hispanic,8%,1075
"$100,001-$250,000",Race/ethnicity of owner(s),Black or African American,3%,1075
"$100,001-$250,000",Race/ethnicity of owner(s),American Indian or Alaskan Native,0%,1075
"$250,001-$500,000",Race/ethnicity of owner(s),White,76%,1249
"$250,001-$500,000",Race/ethnicity of owner(s),Asian,15%,1249
"$250,001-$500,000",Race/ethnicity of owner(s),Hispanic,7%,1249
"$250,001-$500,000",Race/ethnicity of owner(s),Black or African American,1%,1249
"$250,001-$500,000",Race/ethnicity of owner(s),American Indian or Alaskan Native,1%,1249
"$500,001-$1 million",Race/ethnicity of owner(s),White,84%,1342
"$500,001-$1 million",Race/ethnicity of owner(s),Asian,9%,1342
"$500,001-$1 million",Race/ethnicity of owner(s),Hispanic,6%,1342
"$500,001-$1 million",Race/ethnicity of owner(s),Black or African American,1%,1342
"$500,001-$1 million",Race/ethnicity of owner(s),American Indian or Alaskan Native,0%,1342
$1 million-$5 million,Race/ethnicity of owner(s),White,86%,1867
$1 million-$5 million,Race/ethnicity of owner(s),Asian,9%,1867
$1 million-$5 million,Race/ethnicity of owner(s),Hispanic,4%,1867
$1 million-$5 million,Race/ethnicity of owner(s),Black or African American,1%,1867
$1 million-$5 million,Race/ethnicity of owner(s),American Indian or Alaskan Native,0%,1867
"$25,001-$50,000",Reason for seeking financing,Meet operating expenses,50%,175
"$25,001-$50,000",Reason for seeking financing,Have available credit for future use as needed,50%,175
"$25,001-$50,000",Reason for seeking financing,"Expand business, pursue new opportunity, or acquire business assets",49%,175
"$25,001-$50,000",Reason for seeking financing,Make repairs or replace capital assets,24%,175
"$25,001-$50,000",Reason for seeking financing,Refinance or pay down debt,24%,175
"$25,001-$50,000",Reason for seeking financing,Other,0%,175
"$0-$25,000",Reason for seeking financing,"Expand business, pursue new opportunity, or acquire business assets",66%,219
"$0-$25,000",Reason for seeking financing,Meet operating expenses,64%,219
"$0-$25,000",Reason for seeking financing,Have available credit for future use as needed,33%,219
"$0-$25,000",Reason for seeking financing,Refinance or pay down debt,22%,219
"$0-$25,000",Reason for seeking financing,Make repairs or replace capital assets,20%,219
"$0-$25,000",Reason for seeking financing,Other,0%,219
$5 million-$10 million,Reason for seeking financing,"Expand business, pursue new opportunity, or acquire business assets",49%,231
$5 million-$10 million,Reason for seeking financing,Meet operating expenses,40%,231
$5 million-$10 million,Reason for seeking financing,Have available credit for future use as needed,35%,231
$5 million-$10 million,Reason for seeking financing,Make repairs or replace capital assets,28%,231
$5 million-$10 million,Reason for seeking financing,Refinance or pay down debt,14%,231
$5 million-$10 million,Reason for seeking financing,Other,0%,231
More than $10 million,Reason for seeking financing,"Expand business, pursue new opportunity, or acquire business assets",57%,261
More than $10 million,Reason for seeking financing,Have available credit for future use as needed,43%,261
More than $10 million,Reason for seeking financing,Meet operating expenses,34%,261
More than $10 million,Reason for seeking financing,Make repairs or replace capital assets,27%,261
More than $10 million,Reason for seeking financing,Refinance or pay down debt,19%,261
More than $10 million,Reason for seeking financing,Other,0%,261
"$50,001-$100,000",Reason for seeking financing,Meet operating expenses,61%,317
"$50,001-$100,000",Reason for seeking financing,"Expand business, pursue new opportunity, or acquire business assets",54%,317
"$50,001-$100,000",Reason for seeking financing,Have available credit for future use as needed,49%,317
"$50,001-$100,000",Reason for seeking financing,Refinance or pay down debt,28%,317
"$50,001-$100,000",Reason for seeking financing,Make repairs or replace capital assets,23%,317
"$50,001-$100,000",Reason for seeking financing,Other,0%,317
"$100,001-$250,000",Reason for seeking financing,Meet operating expenses,62%,613
"$100,001-$250,000",Reason for seeking financing,Have available credit for future use as needed,44%,613
"$100,001-$250,000",Reason for seeking financing,"Expand business, pursue new opportunity, or acquire business assets",43%,613
"$100,001-$250,000",Reason for seeking financing,Make repairs or replace capital assets,33%,613
"$100,001-$250,000",Reason for seeking financing,Refinance or pay down debt,32%,613
"$100,001-$250,000",Reason for seeking financing,Other,0%,613
"$250,001-$500,000",Reason for seeking financing,Meet operating expenses,61%,669
"$250,001-$500,000",Reason for seeking financing,"Expand business, pursue new opportunity, or acquire business assets",39%,669
"$250,001-$500,000",Reason for seeking financing,Have available credit for future use as needed,35%,669
"$250,001-$500,000",Reason for seeking financing,Refinance or pay down debt,35%,669
"$250,001-$500,000",Reason for seeking financing,Make repairs or replace capital assets,31%,669
"$250,001-$500,000",Reason for seeking financing,Other,0%,669
"$500,001-$1 million",Reason for seeking financing,Meet operating expenses,52%,770
"$500,001-$1 million",Reason for seeking financing,"Expand business, pursue new opportunity, or acquire business assets",40%,770
"$500,001-$1 million",Reason for seeking financing,Have available credit for future use as needed,39%,770
"$500,001-$1 million",Reason for seeking financing,Refinance or pay down debt,29%,770
"$500,001-$1 million",Reason for seeking financing,Make repairs or replace capital assets,26%,770
"$500,001-$1 million",Reason for seeking financing,Other,0%,770
$1 million-$5 million,Reason for seeking financing,Meet operating expenses,53%,1058
$1 million-$5 million,Reason for seeking financing,"Expand business, pursue new opportunity, or acquire business assets",41%,1058
$1 million-$5 million,Reason for seeking financing,Have available credit for future use as needed,37%,1058
$1 million-$5 million,Reason for seeking financing,Make repairs or replace capital assets,26%,1058
$1 million-$5 million,Reason for seeking financing,Refinance or pay down debt,24%,1058
$1 million-$5 million,Reason for seeking financing,Other,0%,1058
"$50,001-$100,000","Reasons business plans to relocate, next 2 years",More suitable space/amenities,63%,60
"$50,001-$100,000","Reasons business plans to relocate, next 2 years",Expansion,59%,60
"$50,001-$100,000","Reasons business plans to relocate, next 2 years",Owner's personal/family reasons,32%,60
"$50,001-$100,000","Reasons business plans to relocate, next 2 years",Cost savings,28%,60
"$50,001-$100,000","Reasons business plans to relocate, next 2 years",Expiration of lease,20%,60
"$50,001-$100,000","Reasons business plans to relocate, next 2 years","Proximity (near customers, workers, suppliers, etc.)",17%,60
"$50,001-$100,000","Reasons business plans to relocate, next 2 years",Downsizing,16%,60
"$50,001-$100,000","Reasons business plans to relocate, next 2 years",Other reason,5%,60
"$50,001-$100,000","Reasons business plans to relocate, next 2 years",Consolidation,0%,60
"$0-$25,000","Reasons business plans to relocate, next 2 years",Expansion,60%,66
"$0-$25,000","Reasons business plans to relocate, next 2 years",More suitable space/amenities,51%,66
"$0-$25,000","Reasons business plans to relocate, next 2 years",Expiration of lease,27%,66
"$0-$25,000","Reasons business plans to relocate, next 2 years","Proximity (near customers, workers, suppliers, etc.)",14%,66
"$0-$25,000","Reasons business plans to relocate, next 2 years",Cost savings,7%,66
"$0-$25,000","Reasons business plans to relocate, next 2 years",Other reason,6%,66
"$0-$25,000","Reasons business plans to relocate, next 2 years",Consolidation,4%,66
"$0-$25,000","Reasons business plans to relocate, next 2 years",Owner's personal/family reasons,3%,66
"$0-$25,000","Reasons business plans to relocate, next 2 years",Downsizing,1%,66
"$100,001-$250,000","Reasons business plans to relocate, next 2 years",More suitable space/amenities,51%,97
"$100,001-$250,000","Reasons business plans to relocate, next 2 years",Expansion,46%,97
"$100,001-$250,000","Reasons business plans to relocate, next 2 years",Owner's personal/family reasons,30%,97
"$100,001-$250,000","Reasons business plans to relocate, next 2 years",Cost savings,29%,97
"$100,001-$250,000","Reasons business plans to relocate, next 2 years",Expiration of lease,18%,97
"$100,001-$250,000","Reasons business plans to relocate, next 2 years",Downsizing,17%,97
"$100,001-$250,000","Reasons business plans to relocate, next 2 years","Proximity (near customers, workers, suppliers, etc.)",12%,97
"$100,001-$250,000","Reasons business plans to relocate, next 2 years",Consolidation,5%,97
"$100,001-$250,000","Reasons business plans to relocate, next 2 years",Other reason,0%,97
"$250,001-$500,000","Reasons business plans to relocate, next 2 years",Expansion,46%,113
"$250,001-$500,000","Reasons business plans to relocate, next 2 years",More suitable space/amenities,42%,113
"$250,001-$500,000","Reasons business plans to relocate, next 2 years",Cost savings,32%,113
"$250,001-$500,000","Reasons business plans to relocate, next 2 years",Expiration of lease,30%,113
"$250,001-$500,000","Reasons business plans to relocate, next 2 years",Downsizing,20%,113
"$250,001-$500,000","Reasons business plans to relocate, next 2 years",Owner's personal/family reasons,17%,113
"$250,001-$500,000","Reasons business plans to relocate, next 2 years","Proximity (near customers, workers, suppliers, etc.)",7%,113
"$250,001-$500,000","Reasons business plans to relocate, next 2 years",Other reason,3%,113
"$250,001-$500,000","Reasons business plans to relocate, next 2 years",Consolidation,1%,113
"$500,001-$1 million","Reasons business plans to relocate, next 2 years",Expansion,51%,114
"$500,001-$1 million","Reasons business plans to relocate, next 2 years",More suitable space/amenities,47%,114
"$500,001-$1 million","Reasons business plans to relocate, next 2 years",Cost savings,37%,114
"$500,001-$1 million","Reasons business plans to relocate, next 2 years",Expiration of lease,32%,114
"$500,001-$1 million","Reasons business plans to relocate, next 2 years",Downsizing,16%,114
"$500,001-$1 million","Reasons business plans to relocate, next 2 years","Proximity (near customers, workers, suppliers, etc.)",10%,114
"$500,001-$1 million","Reasons business plans to relocate, next 2 years",Owner's personal/family reasons,7%,114
"$500,001-$1 million","Reasons business plans to relocate, next 2 years",Consolidation,7%,114
"$500,001-$1 million","Reasons business plans to relocate, next 2 years",Other reason,1%,114
$1 million-$5 million,"Reasons business plans to relocate, next 2 years",More suitable space/amenities,54%,168
$1 million-$5 million,"Reasons business plans to relocate, next 2 years",Expansion,50%,168
$1 million-$5 million,"Reasons business plans to relocate, next 2 years",Cost savings,39%,168
$1 million-$5 million,"Reasons business plans to relocate, next 2 years",Expiration of lease,38%,168
$1 million-$5 million,"Reasons business plans to relocate, next 2 years",Owner's personal/family reasons,20%,168
$1 million-$5 million,"Reasons business plans to relocate, next 2 years",Downsizing,15%,168
$1 million-$5 million,"Reasons business plans to relocate, next 2 years",Consolidation,10%,168
$1 million-$5 million,"Reasons business plans to relocate, next 2 years","Proximity (near customers, workers, suppliers, etc.)",9%,168
$1 million-$5 million,"Reasons business plans to relocate, next 2 years",Other reason,0%,168
"$25,001-$50,000","Reasons business relocated, past 5 years",Cost savings,33%,52
"$25,001-$50,000","Reasons business relocated, past 5 years",More suitable space/amenities,28%,52
"$25,001-$50,000","Reasons business relocated, past 5 years",Expiration of lease,27%,52
"$25,001-$50,000","Reasons business relocated, past 5 years",Owner's personal/family reasons,25%,52
"$25,001-$50,000","Reasons business relocated, past 5 years",Expansion,24%,52
"$25,001-$50,000","Reasons business relocated, past 5 years","Proximity (near customers, workers, suppliers, etc.)",15%,52
"$25,001-$50,000","Reasons business relocated, past 5 years",Other reason,7%,52
"$25,001-$50,000","Reasons business relocated, past 5 years",Downsizing,4%,52
"$25,001-$50,000","Reasons business relocated, past 5 years",Consolidation,1%,52
"$0-$25,000","Reasons business relocated, past 5 years",Owner's personal/family reasons,41%,71
"$0-$25,000","Reasons business relocated, past 5 years",More suitable space/amenities,27%,71
"$0-$25,000","Reasons business relocated, past 5 years",Expiration of lease,25%,71
"$0-$25,000","Reasons business relocated, past 5 years",Cost savings,24%,71
"$0-$25,000","Reasons business relocated, past 5 years",Expansion,15%,71
"$0-$25,000","Reasons business relocated, past 5 years","Proximity (near customers, workers, suppliers, etc.)",11%,71
"$0-$25,000","Reasons business relocated, past 5 years",Other reason,7%,71
"$0-$25,000","Reasons business relocated, past 5 years",Downsizing,6%,71
"$0-$25,000","Reasons business relocated, past 5 years",Consolidation,0%,71
More than $10 million,"Reasons business relocated, past 5 years",Expansion,51%,75
More than $10 million,"Reasons business relocated, past 5 years",More suitable space/amenities,51%,75
More than $10 million,"Reasons business relocated, past 5 years",Cost savings,35%,75
More than $10 million,"Reasons business relocated, past 5 years",Expiration of lease,32%,75
More than $10 million,"Reasons business relocated, past 5 years","Proximity (near customers, workers, suppliers, etc.)",8%,75
More than $10 million,"Reasons business relocated, past 5 years",Consolidation,8%,75
More than $10 million,"Reasons business relocated, past 5 years",Downsizing,7%,75
More than $10 million,"Reasons business relocated, past 5 years",Owner's personal/family reasons,4%,75
More than $10 million,"Reasons business relocated, past 5 years",Other reason,0%,75
$5 million-$10 million,"Reasons business relocated, past 5 years",More suitable space/amenities,47%,80
$5 million-$10 million,"Reasons business relocated, past 5 years",Expansion,35%,80
$5 million-$10 million,"Reasons business relocated, past 5 years",Expiration of lease,31%,80
$5 million-$10 million,"Reasons business relocated, past 5 years",Cost savings,25%,80
$5 million-$10 million,"Reasons business relocated, past 5 years","Proximity (near customers, workers, suppliers, etc.)",12%,80
$5 million-$10 million,"Reasons business relocated, past 5 years",Other reason,12%,80
$5 million-$10 million,"Reasons business relocated, past 5 years",Downsizing,8%,80
$5 million-$10 million,"Reasons business relocated, past 5 years",Owner's personal/family reasons,7%,80
$5 million-$10 million,"Reasons business relocated, past 5 years",Consolidation,3%,80
"$50,001-$100,000","Reasons business relocated, past 5 years",Owner's personal/family reasons,35%,94
"$50,001-$100,000","Reasons business relocated, past 5 years",More suitable space/amenities,30%,94
"$50,001-$100,000","Reasons business relocated, past 5 years",Cost savings,26%,94
"$50,001-$100,000","Reasons business relocated, past 5 years",Expansion,19%,94
"$50,001-$100,000","Reasons business relocated, past 5 years",Expiration of lease,16%,94
"$50,001-$100,000","Reasons business relocated, past 5 years",Downsizing,15%,94
"$50,001-$100,000","Reasons business relocated, past 5 years","Proximity (near customers, workers, suppliers, etc.)",3%,94
"$50,001-$100,000","Reasons business relocated, past 5 years",Consolidation,2%,94
"$50,001-$100,000","Reasons business relocated, past 5 years",Other reason,2%,94
"$100,001-$250,000","Reasons business relocated, past 5 years",More suitable space/amenities,30%,223
"$100,001-$250,000","Reasons business relocated, past 5 years",Owner's personal/family reasons,28%,223
"$100,001-$250,000","Reasons business relocated, past 5 years",Cost savings,28%,223
"$100,001-$250,000","Reasons business relocated, past 5 years",Expansion,27%,223
"$100,001-$250,000","Reasons business relocated, past 5 years",Downsizing,21%,223
"$100,001-$250,000","Reasons business relocated, past 5 years",Expiration of lease,17%,223
"$100,001-$250,000","Reasons business relocated, past 5 years",Other reason,5%,223
"$100,001-$250,000","Reasons business relocated, past 5 years","Proximity (near customers, workers, suppliers, etc.)",3%,223
"$100,001-$250,000","Reasons business relocated, past 5 years",Consolidation,2%,223
"$500,001-$1 million","Reasons business relocated, past 5 years",More suitable space/amenities,49%,229
"$500,001-$1 million","Reasons business relocated, past 5 years",Expansion,31%,229
"$500,001-$1 million","Reasons business relocated, past 5 years",Cost savings,26%,229
"$500,001-$1 million","Reasons business relocated, past 5 years",Expiration of lease,26%,229
"$500,001-$1 million","Reasons business relocated, past 5 years",Owner's personal/family reasons,17%,229
"$500,001-$1 million","Reasons business relocated, past 5 years",Downsizing,12%,229
"$500,001-$1 million","Reasons business relocated, past 5 years","Proximity (near customers, workers, suppliers, etc.)",9%,229
"$500,001-$1 million","Reasons business relocated, past 5 years",Consolidation,5%,229
"$500,001-$1 million","Reasons business relocated, past 5 years",Other reason,2%,229
"$250,001-$500,000","Reasons business relocated, past 5 years",More suitable space/amenities,36%,239
"$250,001-$500,000","Reasons business relocated, past 5 years",Cost savings,29%,239
"$250,001-$500,000","Reasons business relocated, past 5 years",Expiration of lease,29%,239
"$250,001-$500,000","Reasons business relocated, past 5 years",Expansion,24%,239
"$250,001-$500,000","Reasons business relocated, past 5 years",Owner's personal/family reasons,18%,239
"$250,001-$500,000","Reasons business relocated, past 5 years",Downsizing,16%,239
"$250,001-$500,000","Reasons business relocated, past 5 years","Proximity (near customers, workers, suppliers, etc.)",13%,239
"$250,001-$500,000","Reasons business relocated, past 5 years",Consolidation,3%,239
"$250,001-$500,000","Reasons business relocated, past 5 years",Other reason,3%,239
$1 million-$5 million,"Reasons business relocated, past 5 years",Expansion,39%,371
$1 million-$5 million,"Reasons business relocated, past 5 years",More suitable space/amenities,39%,371
$1 million-$5 million,"Reasons business relocated, past 5 years",Expiration of lease,29%,371
$1 million-$5 million,"Reasons business relocated, past 5 years",Cost savings,24%,371
$1 million-$5 million,"Reasons business relocated, past 5 years",Owner's personal/family reasons,17%,371
$1 million-$5 million,"Reasons business relocated, past 5 years",Downsizing,15%,371
$1 million-$5 million,"Reasons business relocated, past 5 years","Proximity (near customers, workers, suppliers, etc.)",9%,371
$1 million-$5 million,"Reasons business relocated, past 5 years",Consolidation,6%,371
$1 million-$5 million,"Reasons business relocated, past 5 years",Other reason,1%,371
"$250,001-$500,000",Reasons for pursuing financing at finance company,Chance of being funded,57%,60
"$250,001-$500,000",Reasons for pursuing financing at finance company,Existing relationship with lender,38%,60
"$250,001-$500,000",Reasons for pursuing financing at finance company,Speed or decision of funding,38%,60
"$250,001-$500,000",Reasons for pursuing financing at finance company,No collateral was required,35%,60
"$250,001-$500,000",Reasons for pursuing financing at finance company,Denied by other lender(s),33%,60
"$250,001-$500,000",Reasons for pursuing financing at finance company,Cost or interest rate,32%,60
"$250,001-$500,000",Reasons for pursuing financing at finance company,Recommendation or referral,10%,60
"$250,001-$500,000",Reasons for pursuing financing at finance company,Flexibility of product,7%,60
"$250,001-$500,000",Reasons for pursuing financing at finance company,Other,0%,60
"$500,001-$1 million",Reasons for pursuing financing at finance company,Speed or decision of funding,48%,71
"$500,001-$1 million",Reasons for pursuing financing at finance company,Existing relationship with lender,37%,71
"$500,001-$1 million",Reasons for pursuing financing at finance company,Chance of being funded,35%,71
"$500,001-$1 million",Reasons for pursuing financing at finance company,Cost or interest rate,24%,71
"$500,001-$1 million",Reasons for pursuing financing at finance company,Denied by other lender(s),21%,71
"$500,001-$1 million",Reasons for pursuing financing at finance company,No collateral was required,19%,71
"$500,001-$1 million",Reasons for pursuing financing at finance company,Recommendation or referral,10%,71
"$500,001-$1 million",Reasons for pursuing financing at finance company,Flexibility of product,10%,71
"$500,001-$1 million",Reasons for pursuing financing at finance company,Other,0%,71
$1 million-$5 million,Reasons for pursuing financing at finance company,Existing relationship with lender,42%,105
$1 million-$5 million,Reasons for pursuing financing at finance company,Chance of being funded,41%,105
$1 million-$5 million,Reasons for pursuing financing at finance company,Speed or decision of funding,31%,105
$1 million-$5 million,Reasons for pursuing financing at finance company,Cost or interest rate,24%,105
$1 million-$5 million,Reasons for pursuing financing at finance company,Recommendation or referral,22%,105
$1 million-$5 million,Reasons for pursuing financing at finance company,No collateral was required,19%,105
$1 million-$5 million,Reasons for pursuing financing at finance company,Flexibility of product,18%,105
$1 million-$5 million,Reasons for pursuing financing at finance company,Denied by other lender(s),16%,105
$1 million-$5 million,Reasons for pursuing financing at finance company,Other,0%,105
"$50,001-$100,000",Reasons for pursuing financing at large bank,Existing relationship with lender,64%,70
"$50,001-$100,000",Reasons for pursuing financing at large bank,Chance of being funded,46%,70
"$50,001-$100,000",Reasons for pursuing financing at large bank,Cost or interest rate,43%,70
"$50,001-$100,000",Reasons for pursuing financing at large bank,Speed or decision of funding,41%,70
"$50,001-$100,000",Reasons for pursuing financing at large bank,Flexibility of product,25%,70
"$50,001-$100,000",Reasons for pursuing financing at large bank,No collateral was required,19%,70
"$50,001-$100,000",Reasons for pursuing financing at large bank,Recommendation or referral,16%,70
"$50,001-$100,000",Reasons for pursuing financing at large bank,Denied by other lender(s),11%,70
"$50,001-$100,000",Reasons for pursuing financing at large bank,Other,0%,70
$5 million-$10 million,Reasons for pursuing financing at large bank,Existing relationship with lender,65%,75
$5 million-$10 million,Reasons for pursuing financing at large bank,Chance of being funded,41%,75
$5 million-$10 million,Reasons for pursuing financing at large bank,Speed or decision of funding,36%,75
$5 million-$10 million,Reasons for pursuing financing at large bank,No collateral was required,15%,75
$5 million-$10 million,Reasons for pursuing financing at large bank,Flexibility of product,12%,75
$5 million-$10 million,Reasons for pursuing financing at large bank,Cost or interest rate,11%,75
$5 million-$10 million,Reasons for pursuing financing at large bank,Recommendation or referral,6%,75
$5 million-$10 million,Reasons for pursuing financing at large bank,Denied by other lender(s),2%,75
$5 million-$10 million,Reasons for pursuing financing at large bank,Other,0%,75
More than $10 million,Reasons for pursuing financing at large bank,Existing relationship with lender,76%,98
More than $10 million,Reasons for pursuing financing at large bank,Cost or interest rate,24%,98
More than $10 million,Reasons for pursuing financing at large bank,Speed or decision of funding,22%,98
More than $10 million,Reasons for pursuing financing at large bank,Chance of being funded,18%,98
More than $10 million,Reasons for pursuing financing at large bank,Flexibility of product,16%,98
More than $10 million,Reasons for pursuing financing at large bank,No collateral was required,15%,98
More than $10 million,Reasons for pursuing financing at large bank,Recommendation or referral,11%,98
More than $10 million,Reasons for pursuing financing at large bank,Denied by other lender(s),10%,98
More than $10 million,Reasons for pursuing financing at large bank,Other,0%,98
"$100,001-$250,000",Reasons for pursuing financing at large bank,Existing relationship with lender,56%,144
"$100,001-$250,000",Reasons for pursuing financing at large bank,No collateral was required,37%,144
"$100,001-$250,000",Reasons for pursuing financing at large bank,Chance of being funded,27%,144
"$100,001-$250,000",Reasons for pursuing financing at large bank,Flexibility of product,23%,144
"$100,001-$250,000",Reasons for pursuing financing at large bank,Speed or decision of funding,23%,144
"$100,001-$250,000",Reasons for pursuing financing at large bank,Cost or interest rate,22%,144
"$100,001-$250,000",Reasons for pursuing financing at large bank,Denied by other lender(s),18%,144
"$100,001-$250,000",Reasons for pursuing financing at large bank,Recommendation or referral,15%,144
"$100,001-$250,000",Reasons for pursuing financing at large bank,Other,2%,144
"$250,001-$500,000",Reasons for pursuing financing at large bank,Existing relationship with lender,58%,162
"$250,001-$500,000",Reasons for pursuing financing at large bank,Chance of being funded,39%,162
"$250,001-$500,000",Reasons for pursuing financing at large bank,Speed or decision of funding,27%,162
"$250,001-$500,000",Reasons for pursuing financing at large bank,Cost or interest rate,26%,162
"$250,001-$500,000",Reasons for pursuing financing at large bank,No collateral was required,22%,162
"$250,001-$500,000",Reasons for pursuing financing at large bank,Recommendation or referral,19%,162
"$250,001-$500,000",Reasons for pursuing financing at large bank,Denied by other lender(s),13%,162
"$250,001-$500,000",Reasons for pursuing financing at large bank,Flexibility of product,9%,162
"$250,001-$500,000",Reasons for pursuing financing at large bank,Other,1%,162
"$500,001-$1 million",Reasons for pursuing financing at large bank,Existing relationship with lender,59%,195
"$500,001-$1 million",Reasons for pursuing financing at large bank,Cost or interest rate,32%,195
"$500,001-$1 million",Reasons for pursuing financing at large bank,Speed or decision of funding,31%,195
"$500,001-$1 million",Reasons for pursuing financing at large bank,Chance of being funded,29%,195
"$500,001-$1 million",Reasons for pursuing financing at large bank,Flexibility of product,14%,195
"$500,001-$1 million",Reasons for pursuing financing at large bank,No collateral was required,14%,195
"$500,001-$1 million",Reasons for pursuing financing at large bank,Recommendation or referral,11%,195
"$500,001-$1 million",Reasons for pursuing financing at large bank,Denied by other lender(s),10%,195
"$500,001-$1 million",Reasons for pursuing financing at large bank,Other,0%,195
$1 million-$5 million,Reasons for pursuing financing at large bank,Existing relationship with lender,71%,280
$1 million-$5 million,Reasons for pursuing financing at large bank,Chance of being funded,28%,280
$1 million-$5 million,Reasons for pursuing financing at large bank,Speed or decision of funding,24%,280
$1 million-$5 million,Reasons for pursuing financing at large bank,Cost or interest rate,23%,280
$1 million-$5 million,Reasons for pursuing financing at large bank,No collateral was required,16%,280
$1 million-$5 million,Reasons for pursuing financing at large bank,Recommendation or referral,15%,280
$1 million-$5 million,Reasons for pursuing financing at large bank,Flexibility of product,12%,280
$1 million-$5 million,Reasons for pursuing financing at large bank,Denied by other lender(s),10%,280
$1 million-$5 million,Reasons for pursuing financing at large bank,Other,1%,280
"$50,001-$100,000",Reasons for pursuing financing at online lender,Chance of being funded,46%,55
"$50,001-$100,000",Reasons for pursuing financing at online lender,Speed or decision of funding,44%,55
"$50,001-$100,000",Reasons for pursuing financing at online lender,Existing relationship with lender,39%,55
"$50,001-$100,000",Reasons for pursuing financing at online lender,Cost or interest rate,31%,55
"$50,001-$100,000",Reasons for pursuing financing at online lender,Denied by other lender(s),30%,55
"$50,001-$100,000",Reasons for pursuing financing at online lender,No collateral was required,27%,55
"$50,001-$100,000",Reasons for pursuing financing at online lender,Flexibility of product,25%,55
"$50,001-$100,000",Reasons for pursuing financing at online lender,Recommendation or referral,23%,55
"$50,001-$100,000",Reasons for pursuing financing at online lender,Other,0%,55
"$500,001-$1 million",Reasons for pursuing financing at online lender,Chance of being funded,65%,136
"$500,001-$1 million",Reasons for pursuing financing at online lender,Speed or decision of funding,61%,136
"$500,001-$1 million",Reasons for pursuing financing at online lender,No collateral was required,47%,136
"$500,001-$1 million",Reasons for pursuing financing at online lender,Denied by other lender(s),34%,136
"$500,001-$1 million",Reasons for pursuing financing at online lender,Cost or interest rate,31%,136
"$500,001-$1 million",Reasons for pursuing financing at online lender,Existing relationship with lender,20%,136
"$500,001-$1 million",Reasons for pursuing financing at online lender,Flexibility of product,19%,136
"$500,001-$1 million",Reasons for pursuing financing at online lender,Recommendation or referral,5%,136
"$500,001-$1 million",Reasons for pursuing financing at online lender,Other,1%,136
"$100,001-$250,000",Reasons for pursuing financing at online lender,Speed or decision of funding,48%,151
"$100,001-$250,000",Reasons for pursuing financing at online lender,Chance of being funded,45%,151
"$100,001-$250,000",Reasons for pursuing financing at online lender,No collateral was required,38%,151
"$100,001-$250,000",Reasons for pursuing financing at online lender,Denied by other lender(s),33%,151
"$100,001-$250,000",Reasons for pursuing financing at online lender,Existing relationship with lender,19%,151
"$100,001-$250,000",Reasons for pursuing financing at online lender,Cost or interest rate,17%,151
"$100,001-$250,000",Reasons for pursuing financing at online lender,Flexibility of product,16%,151
"$100,001-$250,000",Reasons for pursuing financing at online lender,Recommendation or referral,14%,151
"$100,001-$250,000",Reasons for pursuing financing at online lender,Other,0%,151
"$250,001-$500,000",Reasons for pursuing financing at online lender,Speed or decision of funding,53%,155
"$250,001-$500,000",Reasons for pursuing financing at online lender,Chance of being funded,52%,155
"$250,001-$500,000",Reasons for pursuing financing at online lender,Denied by other lender(s),41%,155
"$250,001-$500,000",Reasons for pursuing financing at online lender,Existing relationship with lender,36%,155
"$250,001-$500,000",Reasons for pursuing financing at online lender,No collateral was required,33%,155
"$250,001-$500,000",Reasons for pursuing financing at online lender,Flexibility of product,20%,155
"$250,001-$500,000",Reasons for pursuing financing at online lender,Cost or interest rate,19%,155
"$250,001-$500,000",Reasons for pursuing financing at online lender,Recommendation or referral,12%,155
"$250,001-$500,000",Reasons for pursuing financing at online lender,Other,1%,155
$1 million-$5 million,Reasons for pursuing financing at online lender,Chance of being funded,57%,171
$1 million-$5 million,Reasons for pursuing financing at online lender,Speed or decision of funding,57%,171
$1 million-$5 million,Reasons for pursuing financing at online lender,No collateral was required,49%,171
$1 million-$5 million,Reasons for pursuing financing at online lender,Denied by other lender(s),31%,171
$1 million-$5 million,Reasons for pursuing financing at online lender,Existing relationship with lender,28%,171
$1 million-$5 million,Reasons for pursuing financing at online lender,Flexibility of product,25%,171
$1 million-$5 million,Reasons for pursuing financing at online lender,Cost or interest rate,20%,171
$1 million-$5 million,Reasons for pursuing financing at online lender,Recommendation or referral,10%,171
$1 million-$5 million,Reasons for pursuing financing at online lender,Other,2%,171
$5 million-$10 million,Reasons for pursuing financing at small bank,Existing relationship with lender,81%,67
$5 million-$10 million,Reasons for pursuing financing at small bank,Chance of being funded,37%,67
$5 million-$10 million,Reasons for pursuing financing at small bank,Speed or decision of funding,35%,67
$5 million-$10 million,Reasons for pursuing financing at small bank,Cost or interest rate,23%,67
$5 million-$10 million,Reasons for pursuing financing at small bank,Flexibility of product,16%,67
$5 million-$10 million,Reasons for pursuing financing at small bank,Recommendation or referral,5%,67
$5 million-$10 million,Reasons for pursuing financing at small bank,No collateral was required,4%,67
$5 million-$10 million,Reasons for pursuing financing at small bank,Denied by other lender(s),2%,67
$5 million-$10 million,Reasons for pursuing financing at small bank,Other,2%,67
More than $10 million,Reasons for pursuing financing at small bank,Existing relationship with lender,87%,81
More than $10 million,Reasons for pursuing financing at small bank,Speed or decision of funding,38%,81
More than $10 million,Reasons for pursuing financing at small bank,Chance of being funded,20%,81
More than $10 million,Reasons for pursuing financing at small bank,Cost or interest rate,20%,81
More than $10 million,Reasons for pursuing financing at small bank,Recommendation or referral,15%,81
More than $10 million,Reasons for pursuing financing at small bank,Flexibility of product,5%,81
More than $10 million,Reasons for pursuing financing at small bank,No collateral was required,4%,81
More than $10 million,Reasons for pursuing financing at small bank,Denied by other lender(s),2%,81
More than $10 million,Reasons for pursuing financing at small bank,Other,0%,81
"$100,001-$250,000",Reasons for pursuing financing at small bank,Existing relationship with lender,75%,83
"$100,001-$250,000",Reasons for pursuing financing at small bank,Chance of being funded,34%,83
"$100,001-$250,000",Reasons for pursuing financing at small bank,Speed or decision of funding,27%,83
"$100,001-$250,000",Reasons for pursuing financing at small bank,Denied by other lender(s),16%,83
"$100,001-$250,000",Reasons for pursuing financing at small bank,No collateral was required,14%,83
"$100,001-$250,000",Reasons for pursuing financing at small bank,Flexibility of product,10%,83
"$100,001-$250,000",Reasons for pursuing financing at small bank,Recommendation or referral,10%,83
"$100,001-$250,000",Reasons for pursuing financing at small bank,Cost or interest rate,5%,83
"$100,001-$250,000",Reasons for pursuing financing at small bank,Other,0%,83
"$250,001-$500,000",Reasons for pursuing financing at small bank,Existing relationship with lender,50%,102
"$250,001-$500,000",Reasons for pursuing financing at small bank,Speed or decision of funding,29%,102
"$250,001-$500,000",Reasons for pursuing financing at small bank,Chance of being funded,26%,102
"$250,001-$500,000",Reasons for pursuing financing at small bank,Flexibility of product,25%,102
"$250,001-$500,000",Reasons for pursuing financing at small bank,Recommendation or referral,24%,102
"$250,001-$500,000",Reasons for pursuing financing at small bank,Cost or interest rate,24%,102
"$250,001-$500,000",Reasons for pursuing financing at small bank,Denied by other lender(s),11%,102
"$250,001-$500,000",Reasons for pursuing financing at small bank,No collateral was required,10%,102
"$250,001-$500,000",Reasons for pursuing financing at small bank,Other,3%,102
"$500,001-$1 million",Reasons for pursuing financing at small bank,Existing relationship with lender,62%,125
"$500,001-$1 million",Reasons for pursuing financing at small bank,Chance of being funded,31%,125
"$500,001-$1 million",Reasons for pursuing financing at small bank,Cost or interest rate,27%,125
"$500,001-$1 million",Reasons for pursuing financing at small bank,Speed or decision of funding,26%,125
"$500,001-$1 million",Reasons for pursuing financing at small bank,Recommendation or referral,17%,125
"$500,001-$1 million",Reasons for pursuing financing at small bank,No collateral was required,14%,125
"$500,001-$1 million",Reasons for pursuing financing at small bank,Flexibility of product,13%,125
"$500,001-$1 million",Reasons for pursuing financing at small bank,Denied by other lender(s),4%,125
"$500,001-$1 million",Reasons for pursuing financing at small bank,Other,2%,125
$1 million-$5 million,Reasons for pursuing financing at small bank,Existing relationship with lender,74%,221
$1 million-$5 million,Reasons for pursuing financing at small bank,Chance of being funded,30%,221
$1 million-$5 million,Reasons for pursuing financing at small bank,Speed or decision of funding,30%,221
$1 million-$5 million,Reasons for pursuing financing at small bank,Cost or interest rate,28%,221
$1 million-$5 million,Reasons for pursuing financing at small bank,Recommendation or referral,16%,221
$1 million-$5 million,Reasons for pursuing financing at small bank,Flexibility of product,14%,221
$1 million-$5 million,Reasons for pursuing financing at small bank,Denied by other lender(s),10%,221
$1 million-$5 million,Reasons for pursuing financing at small bank,No collateral was required,5%,221
$1 million-$5 million,Reasons for pursuing financing at small bank,Other,0%,221
"$25,001-$50,000","Revenue change, prior 12 months",Decreased,26%,271
"$25,001-$50,000","Revenue change, prior 12 months",No change,28%,271
"$25,001-$50,000","Revenue change, prior 12 months",Increased,46%,271
"$0-$25,000","Revenue change, prior 12 months",Decreased,21%,345
"$0-$25,000","Revenue change, prior 12 months",No change,32%,345
"$0-$25,000","Revenue change, prior 12 months",Increased,48%,345
$5 million-$10 million,"Revenue change, prior 12 months",Decreased,42%,352
$5 million-$10 million,"Revenue change, prior 12 months",No change,16%,352
$5 million-$10 million,"Revenue change, prior 12 months",Increased,42%,352
More than $10 million,"Revenue change, prior 12 months",Decreased,40%,397
More than $10 million,"Revenue change, prior 12 months",No change,16%,397
More than $10 million,"Revenue change, prior 12 months",Increased,44%,397
"$50,001-$100,000","Revenue change, prior 12 months",Decreased,42%,513
"$50,001-$100,000","Revenue change, prior 12 months",No change,23%,513
"$50,001-$100,000","Revenue change, prior 12 months",Increased,35%,513
"$100,001-$250,000","Revenue change, prior 12 months",Decreased,43%,1035
"$100,001-$250,000","Revenue change, prior 12 months",No change,23%,1035
"$100,001-$250,000","Revenue change, prior 12 months",Increased,34%,1035
"$250,001-$500,000","Revenue change, prior 12 months",Decreased,48%,1201
"$250,001-$500,000","Revenue change, prior 12 months",No change,20%,1201
"$250,001-$500,000","Revenue change, prior 12 months",Increased,32%,1201
"$500,001-$1 million","Revenue change, prior 12 months",Decreased,43%,1282
"$500,001-$1 million","Revenue change, prior 12 months",No change,20%,1282
"$500,001-$1 million","Revenue change, prior 12 months",Increased,37%,1282
$1 million-$5 million,"Revenue change, prior 12 months",Decreased,43%,1796
$1 million-$5 million,"Revenue change, prior 12 months",No change,18%,1796
$1 million-$5 million,"Revenue change, prior 12 months",Increased,39%,1796
"$25,001-$50,000","Revenue expectations, next 12 months",Will decrease,11%,278
"$25,001-$50,000","Revenue expectations, next 12 months",Will not change,27%,278
"$25,001-$50,000","Revenue expectations, next 12 months",Will increase,62%,278
"$0-$25,000","Revenue expectations, next 12 months",Will decrease,8%,343
"$0-$25,000","Revenue expectations, next 12 months",Will not change,9%,343
"$0-$25,000","Revenue expectations, next 12 months",Will increase,83%,343
$5 million-$10 million,"Revenue expectations, next 12 months",Will decrease,16%,358
$5 million-$10 million,"Revenue expectations, next 12 months",Will not change,26%,358
$5 million-$10 million,"Revenue expectations, next 12 months",Will increase,59%,358
More than $10 million,"Revenue expectations, next 12 months",Will decrease,22%,401
More than $10 million,"Revenue expectations, next 12 months",Will not change,17%,401
More than $10 million,"Revenue expectations, next 12 months",Will increase,61%,401
"$50,001-$100,000","Revenue expectations, next 12 months",Will decrease,18%,522
"$50,001-$100,000","Revenue expectations, next 12 months",Will not change,17%,522
"$50,001-$100,000","Revenue expectations, next 12 months",Will increase,65%,522
"$100,001-$250,000","Revenue expectations, next 12 months",Will decrease,20%,1046
"$100,001-$250,000","Revenue expectations, next 12 months",Will not change,28%,1046
"$100,001-$250,000","Revenue expectations, next 12 months",Will increase,52%,1046
"$250,001-$500,000","Revenue expectations, next 12 months",Will decrease,20%,1224
"$250,001-$500,000","Revenue expectations, next 12 months",Will not change,30%,1224
"$250,001-$500,000","Revenue expectations, next 12 months",Will increase,50%,1224
"$500,001-$1 million","Revenue expectations, next 12 months",Will decrease,18%,1307
"$500,001-$1 million","Revenue expectations, next 12 months",Will not change,27%,1307
"$500,001-$1 million","Revenue expectations, next 12 months",Will increase,55%,1307
$1 million-$5 million,"Revenue expectations, next 12 months",Will decrease,23%,1825
$1 million-$5 million,"Revenue expectations, next 12 months",Will not change,25%,1825
$1 million-$5 million,"Revenue expectations, next 12 months",Will increase,52%,1825
"$500,001-$1 million","Satisfaction rating, finance company",Satisfied,52%,55
"$500,001-$1 million","Satisfaction rating, finance company",Neutral,33%,55
"$500,001-$1 million","Satisfaction rating, finance company",Dissatisfied,15%,55
$1 million-$5 million,"Satisfaction rating, finance company",Satisfied,46%,87
$1 million-$5 million,"Satisfaction rating, finance company",Neutral,42%,87
$1 million-$5 million,"Satisfaction rating, finance company",Dissatisfied,12%,87
$5 million-$10 million,"Satisfaction rating, large bank",Satisfied,61%,59
$5 million-$10 million,"Satisfaction rating, large bank",Neutral,35%,59
$5 million-$10 million,"Satisfaction rating, large bank",Dissatisfied,4%,59
"$100,001-$250,000","Satisfaction rating, large bank",Satisfied,44%,83
"$100,001-$250,000","Satisfaction rating, large bank",Neutral,28%,83
"$100,001-$250,000","Satisfaction rating, large bank",Dissatisfied,28%,83
More than $10 million,"Satisfaction rating, large bank",Satisfied,75%,87
More than $10 million,"Satisfaction rating, large bank",Neutral,23%,87
More than $10 million,"Satisfaction rating, large bank",Dissatisfied,2%,87
"$250,001-$500,000","Satisfaction rating, large bank",Satisfied,60%,96
"$250,001-$500,000","Satisfaction rating, large bank",Neutral,31%,96
"$250,001-$500,000","Satisfaction rating, large bank",Dissatisfied,9%,96
"$500,001-$1 million","Satisfaction rating, large bank",Satisfied,58%,118
"$500,001-$1 million","Satisfaction rating, large bank",Neutral,35%,118
"$500,001-$1 million","Satisfaction rating, large bank",Dissatisfied,6%,118
$1 million-$5 million,"Satisfaction rating, large bank",Satisfied,69%,190
$1 million-$5 million,"Satisfaction rating, large bank",Neutral,23%,190
$1 million-$5 million,"Satisfaction rating, large bank",Dissatisfied,8%,190
"$100,001-$250,000","Satisfaction rating, online lender",Neutral,40%,95
"$100,001-$250,000","Satisfaction rating, online lender",Satisfied,31%,95
"$100,001-$250,000","Satisfaction rating, online lender",Dissatisfied,29%,95
"$250,001-$500,000","Satisfaction rating, online lender",Neutral,37%,113
"$250,001-$500,000","Satisfaction rating, online lender",Satisfied,33%,113
"$250,001-$500,000","Satisfaction rating, online lender",Dissatisfied,31%,113
"$500,001-$1 million","Satisfaction rating, online lender",Neutral,46%,113
"$500,001-$1 million","Satisfaction rating, online lender",Dissatisfied,29%,113
"$500,001-$1 million","Satisfaction rating, online lender",Satisfied,25%,113
$1 million-$5 million,"Satisfaction rating, online lender",Neutral,44%,137
$1 million-$5 million,"Satisfaction rating, online lender",Dissatisfied,28%,137
$1 million-$5 million,"Satisfaction rating, online lender",Satisfied,28%,137
"$100,001-$250,000","Satisfaction rating, small bank",Satisfied,60%,54
"$100,001-$250,000","Satisfaction rating, small bank",Dissatisfied,24%,54
"$100,001-$250,000","Satisfaction rating, small bank",Neutral,16%,54
$5 million-$10 million,"Satisfaction rating, small bank",Satisfied,68%,58
$5 million-$10 million,"Satisfaction rating, small bank",Neutral,31%,58
$5 million-$10 million,"Satisfaction rating, small bank",Dissatisfied,1%,58
"$250,001-$500,000","Satisfaction rating, small bank",Satisfied,51%,72
"$250,001-$500,000","Satisfaction rating, small bank",Neutral,36%,72
"$250,001-$500,000","Satisfaction rating, small bank",Dissatisfied,13%,72
More than $10 million,"Satisfaction rating, small bank",Satisfied,88%,76
More than $10 million,"Satisfaction rating, small bank",Neutral,10%,76
More than $10 million,"Satisfaction rating, small bank",Dissatisfied,2%,76
"$500,001-$1 million","Satisfaction rating, small bank",Satisfied,70%,85
"$500,001-$1 million","Satisfaction rating, small bank",Neutral,21%,85
"$500,001-$1 million","Satisfaction rating, small bank",Dissatisfied,9%,85
$1 million-$5 million,"Satisfaction rating, small bank",Satisfied,75%,168
$1 million-$5 million,"Satisfaction rating, small bank",Neutral,17%,168
$1 million-$5 million,"Satisfaction rating, small bank",Dissatisfied,8%,168
"$25,001-$50,000",Source of 10% or more of total sales in 2023,Individuals,80%,211
"$25,001-$50,000",Source of 10% or more of total sales in 2023,"Other businesses and/or organizations, including distributors of your product(s)",40%,211
"$25,001-$50,000",Source of 10% or more of total sales in 2023,"State and local government, including school districts, transportation authorities, etc.",14%,211
"$25,001-$50,000",Source of 10% or more of total sales in 2023,Business did not have any sales in 2023,5%,211
"$25,001-$50,000",Source of 10% or more of total sales in 2023,"Federal government, including military",4%,211
"$0-$25,000",Source of 10% or more of total sales in 2023,Individuals,61%,272
"$0-$25,000",Source of 10% or more of total sales in 2023,Business did not have any sales in 2023,27%,272
"$0-$25,000",Source of 10% or more of total sales in 2023,"Other businesses and/or organizations, including distributors of your product(s)",18%,272
"$0-$25,000",Source of 10% or more of total sales in 2023,"State and local government, including school districts, transportation authorities, etc.",7%,272
"$0-$25,000",Source of 10% or more of total sales in 2023,"Federal government, including military",3%,272
$5 million-$10 million,Source of 10% or more of total sales in 2023,"Other businesses and/or organizations, including distributors of your product(s)",65%,300
$5 million-$10 million,Source of 10% or more of total sales in 2023,Individuals,42%,300
$5 million-$10 million,Source of 10% or more of total sales in 2023,"State and local government, including school districts, transportation authorities, etc.",27%,300
$5 million-$10 million,Source of 10% or more of total sales in 2023,"Federal government, including military",11%,300
$5 million-$10 million,Source of 10% or more of total sales in 2023,Business did not have any sales in 2023,3%,300
More than $10 million,Source of 10% or more of total sales in 2023,"Other businesses and/or organizations, including distributors of your product(s)",74%,337
More than $10 million,Source of 10% or more of total sales in 2023,Individuals,38%,337
More than $10 million,Source of 10% or more of total sales in 2023,"State and local government, including school districts, transportation authorities, etc.",27%,337
More than $10 million,Source of 10% or more of total sales in 2023,"Federal government, including military",14%,337
More than $10 million,Source of 10% or more of total sales in 2023,Business did not have any sales in 2023,0%,337
"$50,001-$100,000",Source of 10% or more of total sales in 2023,Individuals,73%,418
"$50,001-$100,000",Source of 10% or more of total sales in 2023,"Other businesses and/or organizations, including distributors of your product(s)",40%,418
"$50,001-$100,000",Source of 10% or more of total sales in 2023,Business did not have any sales in 2023,6%,418
"$50,001-$100,000",Source of 10% or more of total sales in 2023,"State and local government, including school districts, transportation authorities, etc.",5%,418
"$50,001-$100,000",Source of 10% or more of total sales in 2023,"Federal government, including military",4%,418
"$100,001-$250,000",Source of 10% or more of total sales in 2023,Individuals,77%,871
"$100,001-$250,000",Source of 10% or more of total sales in 2023,"Other businesses and/or organizations, including distributors of your product(s)",38%,871
"$100,001-$250,000",Source of 10% or more of total sales in 2023,"State and local government, including school districts, transportation authorities, etc.",9%,871
"$100,001-$250,000",Source of 10% or more of total sales in 2023,Business did not have any sales in 2023,3%,871
"$100,001-$250,000",Source of 10% or more of total sales in 2023,"Federal government, including military",3%,871
"$250,001-$500,000",Source of 10% or more of total sales in 2023,Individuals,77%,1034
"$250,001-$500,000",Source of 10% or more of total sales in 2023,"Other businesses and/or organizations, including distributors of your product(s)",38%,1034
"$250,001-$500,000",Source of 10% or more of total sales in 2023,"State and local government, including school districts, transportation authorities, etc.",14%,1034
"$250,001-$500,000",Source of 10% or more of total sales in 2023,"Federal government, including military",7%,1034
"$250,001-$500,000",Source of 10% or more of total sales in 2023,Business did not have any sales in 2023,1%,1034
"$500,001-$1 million",Source of 10% or more of total sales in 2023,Individuals,72%,1105
"$500,001-$1 million",Source of 10% or more of total sales in 2023,"Other businesses and/or organizations, including distributors of your product(s)",44%,1105
"$500,001-$1 million",Source of 10% or more of total sales in 2023,"State and local government, including school districts, transportation authorities, etc.",17%,1105
"$500,001-$1 million",Source of 10% or more of total sales in 2023,"Federal government, including military",8%,1105
"$500,001-$1 million",Source of 10% or more of total sales in 2023,Business did not have any sales in 2023,2%,1105
$1 million-$5 million,Source of 10% or more of total sales in 2023,Individuals,58%,1574
$1 million-$5 million,Source of 10% or more of total sales in 2023,"Other businesses and/or organizations, including distributors of your product(s)",57%,1574
$1 million-$5 million,Source of 10% or more of total sales in 2023,"State and local government, including school districts, transportation authorities, etc.",19%,1574
$1 million-$5 million,Source of 10% or more of total sales in 2023,"Federal government, including military",8%,1574
$1 million-$5 million,Source of 10% or more of total sales in 2023,Business did not have any sales in 2023,1%,1574
"$25,001-$50,000",Total amount of financing sought in prior 12 months,"$25,000 or less",42%,166
"$25,001-$50,000",Total amount of financing sought in prior 12 months,"$25,001-$50,000",12%,166
"$25,001-$50,000",Total amount of financing sought in prior 12 months,"$50,001-$100,000",26%,166
"$25,001-$50,000",Total amount of financing sought in prior 12 months,"$100,001-$250,000",12%,166
"$25,001-$50,000",Total amount of financing sought in prior 12 months,"$250,001-$1M",9%,166
"$25,001-$50,000",Total amount of financing sought in prior 12 months,More than $1M,0%,166
"$0-$25,000",Total amount of financing sought in prior 12 months,"$25,000 or less",37%,212
"$0-$25,000",Total amount of financing sought in prior 12 months,"$25,001-$50,000",13%,212
"$0-$25,000",Total amount of financing sought in prior 12 months,"$50,001-$100,000",14%,212
"$0-$25,000",Total amount of financing sought in prior 12 months,"$100,001-$250,000",24%,212
"$0-$25,000",Total amount of financing sought in prior 12 months,"$250,001-$1M",11%,212
"$0-$25,000",Total amount of financing sought in prior 12 months,More than $1M,1%,212
$5 million-$10 million,Total amount of financing sought in prior 12 months,"$25,000 or less",5%,232
$5 million-$10 million,Total amount of financing sought in prior 12 months,"$25,001-$50,000",5%,232
$5 million-$10 million,Total amount of financing sought in prior 12 months,"$50,001-$100,000",11%,232
$5 million-$10 million,Total amount of financing sought in prior 12 months,"$100,001-$250,000",16%,232
$5 million-$10 million,Total amount of financing sought in prior 12 months,"$250,001-$1M",42%,232
$5 million-$10 million,Total amount of financing sought in prior 12 months,More than $1M,21%,232
More than $10 million,Total amount of financing sought in prior 12 months,"$25,000 or less",5%,260
More than $10 million,Total amount of financing sought in prior 12 months,"$25,001-$50,000",4%,260
More than $10 million,Total amount of financing sought in prior 12 months,"$50,001-$100,000",8%,260
More than $10 million,Total amount of financing sought in prior 12 months,"$100,001-$250,000",11%,260
More than $10 million,Total amount of financing sought in prior 12 months,"$250,001-$1M",28%,260
More than $10 million,Total amount of financing sought in prior 12 months,More than $1M,45%,260
"$50,001-$100,000",Total amount of financing sought in prior 12 months,"$25,000 or less",39%,310
"$50,001-$100,000",Total amount of financing sought in prior 12 months,"$25,001-$50,000",22%,310
"$50,001-$100,000",Total amount of financing sought in prior 12 months,"$50,001-$100,000",18%,310
"$50,001-$100,000",Total amount of financing sought in prior 12 months,"$100,001-$250,000",12%,310
"$50,001-$100,000",Total amount of financing sought in prior 12 months,"$250,001-$1M",8%,310
"$50,001-$100,000",Total amount of financing sought in prior 12 months,More than $1M,0%,310
"$100,001-$250,000",Total amount of financing sought in prior 12 months,"$25,000 or less",32%,598
"$100,001-$250,000",Total amount of financing sought in prior 12 months,"$25,001-$50,000",26%,598
"$100,001-$250,000",Total amount of financing sought in prior 12 months,"$50,001-$100,000",20%,598
"$100,001-$250,000",Total amount of financing sought in prior 12 months,"$100,001-$250,000",12%,598
"$100,001-$250,000",Total amount of financing sought in prior 12 months,"$250,001-$1M",9%,598
"$100,001-$250,000",Total amount of financing sought in prior 12 months,More than $1M,2%,598
"$250,001-$500,000",Total amount of financing sought in prior 12 months,"$25,000 or less",25%,647
"$250,001-$500,000",Total amount of financing sought in prior 12 months,"$25,001-$50,000",22%,647
"$250,001-$500,000",Total amount of financing sought in prior 12 months,"$50,001-$100,000",22%,647
"$250,001-$500,000",Total amount of financing sought in prior 12 months,"$100,001-$250,000",19%,647
"$250,001-$500,000",Total amount of financing sought in prior 12 months,"$250,001-$1M",9%,647
"$250,001-$500,000",Total amount of financing sought in prior 12 months,More than $1M,3%,647
"$500,001-$1 million",Total amount of financing sought in prior 12 months,"$25,000 or less",19%,767
"$500,001-$1 million",Total amount of financing sought in prior 12 months,"$25,001-$50,000",18%,767
"$500,001-$1 million",Total amount of financing sought in prior 12 months,"$50,001-$100,000",26%,767
"$500,001-$1 million",Total amount of financing sought in prior 12 months,"$100,001-$250,000",19%,767
"$500,001-$1 million",Total amount of financing sought in prior 12 months,"$250,001-$1M",15%,767
"$500,001-$1 million",Total amount of financing sought in prior 12 months,More than $1M,3%,767
$1 million-$5 million,Total amount of financing sought in prior 12 months,"$25,000 or less",13%,1042
$1 million-$5 million,Total amount of financing sought in prior 12 months,"$25,001-$50,000",12%,1042
$1 million-$5 million,Total amount of financing sought in prior 12 months,"$50,001-$100,000",17%,1042
$1 million-$5 million,Total amount of financing sought in prior 12 months,"$100,001-$250,000",25%,1042
$1 million-$5 million,Total amount of financing sought in prior 12 months,"$250,001-$1M",24%,1042
$1 million-$5 million,Total amount of financing sought in prior 12 months,More than $1M,9%,1042
"$25,001-$50,000",Type of financing applied for,Credit card,36%,284
"$25,001-$50,000",Type of financing applied for,Loan,24%,284
"$25,001-$50,000",Type of financing applied for,Line of credit,18%,284
"$25,001-$50,000",Type of financing applied for,Lease,13%,284
"$25,001-$50,000",Type of financing applied for,Trade credit,7%,284
"$25,001-$50,000",Type of financing applied for,Merchant cash advance,6%,284
"$25,001-$50,000",Type of financing applied for,Factoring,2%,284
"$0-$25,000",Type of financing applied for,Credit card,40%,361
"$0-$25,000",Type of financing applied for,Loan,32%,361
"$0-$25,000",Type of financing applied for,Line of credit,20%,361
"$0-$25,000",Type of financing applied for,Lease,13%,361
"$0-$25,000",Type of financing applied for,Trade credit,11%,361
"$0-$25,000",Type of financing applied for,Factoring,3%,361
"$0-$25,000",Type of financing applied for,Merchant cash advance,3%,361
$5 million-$10 million,Type of financing applied for,Line of credit,29%,368
$5 million-$10 million,Type of financing applied for,Loan,26%,368
$5 million-$10 million,Type of financing applied for,Credit card,24%,368
$5 million-$10 million,Type of financing applied for,Trade credit,24%,368
$5 million-$10 million,Type of financing applied for,Lease,10%,368
$5 million-$10 million,Type of financing applied for,Merchant cash advance,6%,368
$5 million-$10 million,Type of financing applied for,Factoring,3%,368
More than $10 million,Type of financing applied for,Line of credit,33%,412
More than $10 million,Type of financing applied for,Loan,29%,412
More than $10 million,Type of financing applied for,Trade credit,24%,412
More than $10 million,Type of financing applied for,Credit card,22%,412
More than $10 million,Type of financing applied for,Lease,17%,412
More than $10 million,Type of financing applied for,Merchant cash advance,4%,412
More than $10 million,Type of financing applied for,Factoring,2%,412
"$50,001-$100,000",Type of financing applied for,Credit card,38%,539
"$50,001-$100,000",Type of financing applied for,Loan,26%,539
"$50,001-$100,000",Type of financing applied for,Line of credit,20%,539
"$50,001-$100,000",Type of financing applied for,Lease,12%,539
"$50,001-$100,000",Type of financing applied for,Trade credit,11%,539
"$50,001-$100,000",Type of financing applied for,Merchant cash advance,4%,539
"$50,001-$100,000",Type of financing applied for,Factoring,4%,539
"$100,001-$250,000",Type of financing applied for,Credit card,29%,1075
"$100,001-$250,000",Type of financing applied for,Loan,23%,1075
"$100,001-$250,000",Type of financing applied for,Line of credit,18%,1075
"$100,001-$250,000",Type of financing applied for,Merchant cash advance,11%,1075
"$100,001-$250,000",Type of financing applied for,Trade credit,10%,1075
"$100,001-$250,000",Type of financing applied for,Lease,8%,1075
"$100,001-$250,000",Type of financing applied for,Factoring,2%,1075
"$250,001-$500,000",Type of financing applied for,Credit card,28%,1249
"$250,001-$500,000",Type of financing applied for,Loan,23%,1249
"$250,001-$500,000",Type of financing applied for,Line of credit,19%,1249
"$250,001-$500,000",Type of financing applied for,Trade credit,11%,1249
"$250,001-$500,000",Type of financing applied for,Lease,7%,1249
"$250,001-$500,000",Type of financing applied for,Merchant cash advance,7%,1249
"$250,001-$500,000",Type of financing applied for,Factoring,2%,1249
"$500,001-$1 million",Type of financing applied for,Credit card,30%,1342
"$500,001-$1 million",Type of financing applied for,Line of credit,25%,1342
"$500,001-$1 million",Type of financing applied for,Loan,24%,1342
"$500,001-$1 million",Type of financing applied for,Trade credit,17%,1342
"$500,001-$1 million",Type of financing applied for,Merchant cash advance,7%,1342
"$500,001-$1 million",Type of financing applied for,Lease,7%,1342
"$500,001-$1 million",Type of financing applied for,Factoring,2%,1342
$1 million-$5 million,Type of financing applied for,Credit card,29%,1867
$1 million-$5 million,Type of financing applied for,Loan,25%,1867
$1 million-$5 million,Type of financing applied for,Line of credit,23%,1867
$1 million-$5 million,Type of financing applied for,Trade credit,18%,1867
$1 million-$5 million,Type of financing applied for,Lease,8%,1867
$1 million-$5 million,Type of financing applied for,Merchant cash advance,6%,1867
$1 million-$5 million,Type of financing applied for,Factoring,2%,1867
"$25,001-$50,000",Types of insurance coverage maintained by business,"Liability (e.g., general, professional, malpractice, product)",81%,210
"$25,001-$50,000",Types of insurance coverage maintained by business,Workers' compensation,57%,210
"$25,001-$50,000",Types of insurance coverage maintained by business,"Property (including building, machinery, etc.)",53%,210
"$25,001-$50,000",Types of insurance coverage maintained by business,Commercial auto/vehicle,38%,210
"$25,001-$50,000",Types of insurance coverage maintained by business,Cyber/data breach,17%,210
"$25,001-$50,000",Types of insurance coverage maintained by business,Business interruption,14%,210
"$25,001-$50,000",Types of insurance coverage maintained by business,None,10%,210
"$25,001-$50,000",Types of insurance coverage maintained by business,Health insurance (for owner and/or employees),9%,210
"$25,001-$50,000",Types of insurance coverage maintained by business,Flood (if excluded under property policy),8%,210
"$25,001-$50,000",Types of insurance coverage maintained by business,Other,0%,210
"$0-$25,000",Types of insurance coverage maintained by business,"Liability (e.g., general, professional, malpractice, product)",71%,269
"$0-$25,000",Types of insurance coverage maintained by business,Workers' compensation,47%,269
"$0-$25,000",Types of insurance coverage maintained by business,"Property (including building, machinery, etc.)",36%,269
"$0-$25,000",Types of insurance coverage maintained by business,Commercial auto/vehicle,30%,269
"$0-$25,000",Types of insurance coverage maintained by business,None,19%,269
"$0-$25,000",Types of insurance coverage maintained by business,Cyber/data breach,18%,269
"$0-$25,000",Types of insurance coverage maintained by business,Health insurance (for owner and/or employees),15%,269
"$0-$25,000",Types of insurance coverage maintained by business,Business interruption,12%,269
"$0-$25,000",Types of insurance coverage maintained by business,Flood (if excluded under property policy),4%,269
"$0-$25,000",Types of insurance coverage maintained by business,Other,0%,269
$5 million-$10 million,Types of insurance coverage maintained by business,"Liability (e.g., general, professional, malpractice, product)",98%,300
$5 million-$10 million,Types of insurance coverage maintained by business,Workers' compensation,96%,300
$5 million-$10 million,Types of insurance coverage maintained by business,"Property (including building, machinery, etc.)",89%,300
$5 million-$10 million,Types of insurance coverage maintained by business,Commercial auto/vehicle,84%,300
$5 million-$10 million,Types of insurance coverage maintained by business,Health insurance (for owner and/or employees),84%,300
$5 million-$10 million,Types of insurance coverage maintained by business,Cyber/data breach,64%,300
$5 million-$10 million,Types of insurance coverage maintained by business,Business interruption,57%,300
$5 million-$10 million,Types of insurance coverage maintained by business,Flood (if excluded under property policy),18%,300
$5 million-$10 million,Types of insurance coverage maintained by business,Other,0%,300
$5 million-$10 million,Types of insurance coverage maintained by business,None,0%,300
More than $10 million,Types of insurance coverage maintained by business,"Liability (e.g., general, professional, malpractice, product)",98%,336
More than $10 million,Types of insurance coverage maintained by business,Workers' compensation,94%,336
More than $10 million,Types of insurance coverage maintained by business,"Property (including building, machinery, etc.)",94%,336
More than $10 million,Types of insurance coverage maintained by business,Health insurance (for owner and/or employees),91%,336
More than $10 million,Types of insurance coverage maintained by business,Commercial auto/vehicle,81%,336
More than $10 million,Types of insurance coverage maintained by business,Business interruption,74%,336
More than $10 million,Types of insurance coverage maintained by business,Cyber/data breach,71%,336
More than $10 million,Types of insurance coverage maintained by business,Flood (if excluded under property policy),17%,336
More than $10 million,Types of insurance coverage maintained by business,Other,2%,336
More than $10 million,Types of insurance coverage maintained by business,None,0%,336
"$50,001-$100,000",Types of insurance coverage maintained by business,"Liability (e.g., general, professional, malpractice, product)",85%,417
"$50,001-$100,000",Types of insurance coverage maintained by business,Workers' compensation,58%,417
"$50,001-$100,000",Types of insurance coverage maintained by business,"Property (including building, machinery, etc.)",50%,417
"$50,001-$100,000",Types of insurance coverage maintained by business,Commercial auto/vehicle,34%,417
"$50,001-$100,000",Types of insurance coverage maintained by business,Health insurance (for owner and/or employees),20%,417
"$50,001-$100,000",Types of insurance coverage maintained by business,Cyber/data breach,20%,417
"$50,001-$100,000",Types of insurance coverage maintained by business,Business interruption,18%,417
"$50,001-$100,000",Types of insurance coverage maintained by business,Flood (if excluded under property policy),8%,417
"$50,001-$100,000",Types of insurance coverage maintained by business,None,6%,417
"$50,001-$100,000",Types of insurance coverage maintained by business,Other,0%,417
"$100,001-$250,000",Types of insurance coverage maintained by business,"Liability (e.g., general, professional, malpractice, product)",88%,866
"$100,001-$250,000",Types of insurance coverage maintained by business,Workers' compensation,72%,866
"$100,001-$250,000",Types of insurance coverage maintained by business,"Property (including building, machinery, etc.)",62%,866
"$100,001-$250,000",Types of insurance coverage maintained by business,Commercial auto/vehicle,35%,866
"$100,001-$250,000",Types of insurance coverage maintained by business,Health insurance (for owner and/or employees),25%,866
"$100,001-$250,000",Types of insurance coverage maintained by business,Business interruption,22%,866
"$100,001-$250,000",Types of insurance coverage maintained by business,Cyber/data breach,21%,866
"$100,001-$250,000",Types of insurance coverage maintained by business,Flood (if excluded under property policy),6%,866
"$100,001-$250,000",Types of insurance coverage maintained by business,None,2%,866
"$100,001-$250,000",Types of insurance coverage maintained by business,Other,0%,866
"$250,001-$500,000",Types of insurance coverage maintained by business,"Liability (e.g., general, professional, malpractice, product)",94%,1032
"$250,001-$500,000",Types of insurance coverage maintained by business,Workers' compensation,83%,1032
"$250,001-$500,000",Types of insurance coverage maintained by business,"Property (including building, machinery, etc.)",72%,1032
"$250,001-$500,000",Types of insurance coverage maintained by business,Commercial auto/vehicle,40%,1032
"$250,001-$500,000",Types of insurance coverage maintained by business,Health insurance (for owner and/or employees),32%,1032
"$250,001-$500,000",Types of insurance coverage maintained by business,Business interruption,30%,1032
"$250,001-$500,000",Types of insurance coverage maintained by business,Cyber/data breach,26%,1032
"$250,001-$500,000",Types of insurance coverage maintained by business,Flood (if excluded under property policy),8%,1032
"$250,001-$500,000",Types of insurance coverage maintained by business,None,1%,1032
"$250,001-$500,000",Types of insurance coverage maintained by business,Other,0%,1032
"$500,001-$1 million",Types of insurance coverage maintained by business,"Liability (e.g., general, professional, malpractice, product)",94%,1101
"$500,001-$1 million",Types of insurance coverage maintained by business,Workers' compensation,89%,1101
"$500,001-$1 million",Types of insurance coverage maintained by business,"Property (including building, machinery, etc.)",73%,1101
"$500,001-$1 million",Types of insurance coverage maintained by business,Commercial auto/vehicle,54%,1101
"$500,001-$1 million",Types of insurance coverage maintained by business,Health insurance (for owner and/or employees),42%,1101
"$500,001-$1 million",Types of insurance coverage maintained by business,Business interruption,36%,1101
"$500,001-$1 million",Types of insurance coverage maintained by business,Cyber/data breach,31%,1101
"$500,001-$1 million",Types of insurance coverage maintained by business,Flood (if excluded under property policy),10%,1101
"$500,001-$1 million",Types of insurance coverage maintained by business,None,1%,1101
"$500,001-$1 million",Types of insurance coverage maintained by business,Other,0%,1101
$1 million-$5 million,Types of insurance coverage maintained by business,"Liability (e.g., general, professional, malpractice, product)",96%,1570
$1 million-$5 million,Types of insurance coverage maintained by business,Workers' compensation,93%,1570
$1 million-$5 million,Types of insurance coverage maintained by business,"Property (including building, machinery, etc.)",80%,1570
$1 million-$5 million,Types of insurance coverage maintained by business,Commercial auto/vehicle,69%,1570
$1 million-$5 million,Types of insurance coverage maintained by business,Health insurance (for owner and/or employees),66%,1570
$1 million-$5 million,Types of insurance coverage maintained by business,Business interruption,46%,1570
$1 million-$5 million,Types of insurance coverage maintained by business,Cyber/data breach,42%,1570
$1 million-$5 million,Types of insurance coverage maintained by business,Flood (if excluded under property policy),14%,1570
$1 million-$5 million,Types of insurance coverage maintained by business,Other,0%,1570
$1 million-$5 million,Types of insurance coverage maintained by business,None,0%,1570
"$25,001-$50,000",Use of contract workers,Share using contract workers,32%,281
"$0-$25,000",Use of contract workers,Share using contract workers,44%,357
$5 million-$10 million,Use of contract workers,Share using contract workers,57%,366
More than $10 million,Use of contract workers,Share using contract workers,58%,408
"$50,001-$100,000",Use of contract workers,Share using contract workers,49%,530
"$100,001-$250,000",Use of contract workers,Share using contract workers,41%,1069
"$250,001-$500,000",Use of contract workers,Share using contract workers,40%,1241
"$500,001-$1 million",Use of contract workers,Share using contract workers,43%,1330
$1 million-$5 million,Use of contract workers,Share using contract workers,47%,1856
"$25,001-$50,000",Veteran status of owner(s),Not majority-owned by veteran(s),92%,224
"$25,001-$50,000",Veteran status of owner(s),Majority-owned by veteran(s),8%,224
"$0-$25,000",Veteran status of owner(s),Not majority-owned by veteran(s),86%,298
"$0-$25,000",Veteran status of owner(s),Majority-owned by veteran(s),14%,298
$5 million-$10 million,Veteran status of owner(s),Not majority-owned by veteran(s),91%,325
$5 million-$10 million,Veteran status of owner(s),Majority-owned by veteran(s),9%,325
More than $10 million,Veteran status of owner(s),Not majority-owned by veteran(s),92%,366
More than $10 million,Veteran status of owner(s),Majority-owned by veteran(s),8%,366
"$50,001-$100,000",Veteran status of owner(s),Not majority-owned by veteran(s),88%,435
"$50,001-$100,000",Veteran status of owner(s),Majority-owned by veteran(s),12%,435
"$100,001-$250,000",Veteran status of owner(s),Not majority-owned by veteran(s),92%,904
"$100,001-$250,000",Veteran status of owner(s),Majority-owned by veteran(s),8%,904
"$250,001-$500,000",Veteran status of owner(s),Not majority-owned by veteran(s),91%,1076
"$250,001-$500,000",Veteran status of owner(s),Majority-owned by veteran(s),9%,1076
"$500,001-$1 million",Veteran status of owner(s),Not majority-owned by veteran(s),92%,1169
"$500,001-$1 million",Veteran status of owner(s),Majority-owned by veteran(s),8%,1169
$1 million-$5 million,Veteran status of owner(s),Not majority-owned by veteran(s),93%,1648
$1 million-$5 million,Veteran status of owner(s),Majority-owned by veteran(s),7%,1648